Country,Year,Food Consumption,Food Production,Population,Wastage
Camaroon,1990,1639.580269,1731,12.07,277.3722692
Camaroon,1991,1632.253814,1815,12.43,235.4707221
Camaroon,1992,1674.844424,1706,12.80,257.3456221
Camaroon,1993,1724.105645,1850,13.17,340.1508355
Camaroon,1994,1591.094995,1840,13.55,336.8589965
Camaroon,1995,1785.035189,2194,13.93,375.3949731
Camaroon,1996,1883.438322,2268,14.32,428.6076968
Camaroon,1997,2021.759148,2171,14.71,342.8437833
Camaroon,1998,2154.193602,2474,15.11,417.2621141
Camaroon,1999,1968.093221,2295,15.51,433.8495077
Camaroon,2000,2282.30002,2402,15.93,453.8615802
Camaroon,2001,2319.936403,2491,16.35,487.1090639
Camaroon,2002,2334.875413,2681,16.78,553.2682844
Camaroon,2003,2411.486449,2809,17.22,595.989533
Camaroon,2004,2489.552222,2936,17.68,594.1080798
Camaroon,2005,2635.401337,3457,18.13,735.4241831
Camaroon,2006,2809.348775,3676,18.61,787.6398123
Camaroon,2007,2995.355772,4036,19.10,863.7187737
Camaroon,2008,3237.962318,4177,19.60,900.6883417
Camaroon,2009,3511.951563,4762,20.10,1073.053418
Camaroon,2010,3631.350131,5049,20.59,1209.255754
Camaroon,2011,3788.132982,5147,21.16,1244.60059
Camaroon,2012,3917.733423,5250,21.66,1251.03619
Camaroon,2013,4180.303293,5482,22.21,1275.44229
Camaroon,2014,4319.561551,5525,22.77,1256.79169
Central African Republic,1990,370.4686177,348,2.91,24.92423745
Central African Republic,1991,378.5848649,362,2.98,24.10877302
Central African Republic,1992,378.7192121,366,3.09,25.28520917
Central African Republic,1993,367.4331883,366,3.13,25.41335659
Central African Republic,1994,356.2333151,363,3.20,25.62730818
Central African Republic,1995,370.7442467,383,3.34,28.51543914
Central African Republic,1996,407.3170569,416,3.35,29.90484307
Central African Republic,1997,447.5009037,455,3.43,32.51675553
Central African Republic,1998,457.6027256,480,3.50,34.19110903
Central African Republic,1999,444.9271609,466,3.57,34.76048326
Central African Republic,2000,476.3059939,479,3.73,35.94198161
Central African Republic,2001,479.0750346,491,3.70,37.92865975
Central African Republic,2002,474.7049428,491,3.77,38.78581016
Central African Republic,2003,477.0617357,485,3.92,54.81264527
Central African Republic,2004,499.0621573,508,3.89,37.83520147
Central African Republic,2005,507.2659907,517,3.96,40.16743089
Central African Republic,2006,513.9683512,520,4.03,41.94375199
Central African Republic,2007,528.7405416,542,4.11,43.72925421
Central African Republic,2008,553.6886825,555,4.28,47.06105996
Central African Republic,2009,576.5011783,573,4.27,44.88516781
Central African Republic,2010,592.9773384,589,4.35,45.4925715
Central African Republic,2011,609.6319453,605,4.53,46.1131778
Central African Republic,2012,609.7903192,603,4.62,45.1131778
Central African Republic,2013,589.4027265,531,4.71,36.4731778
Central African Republic,2014,580.7943882,535,4.80,35.4031778
Congo,1990,388.9013542,283,2.38,-2.58011713
Congo,1991,333.8126081,235,2.45,1.789625515
Congo,1992,334.3438854,238,2.51,19.70031176
Congo,1993,369.1079737,254,2.58,2.50522817
Congo,1994,395.6314775,285,2.65,18.69204729
Congo,1995,398.6973007,285,2.72,11.21667082
Congo,1996,444.6209533,302,2.80,-0.729490169
Congo,1997,497.1190263,306,2.88,-0.945380991
Congo,1998,488.1137677,293,2.96,2.934031289
Congo,1999,507.3773864,313,3.03,22.87135341
Congo,2000,542.3535832,315,3.13,27.36837337
Congo,2001,550.7947812,326,3.21,19.55733249
Congo,2002,563.7333573,330,3.28,16.50882367
Congo,2003,586.8504679,338,3.36,12.49081178
Congo,2004,606.6023688,356,3.41,11.39847108
Congo,2005,612.8376648,361,3.54,47.23797285
Congo,2006,637.9249195,393,3.65,52.41606073
Congo,2007,642.3367318,413,3.72,78.8349188
Congo,2008,660.9383575,433,3.88,79.57145396
Congo,2009,702.8862899,464,4.00,85.70927488
Congo,2010,693.6266473,438,4.11,54.64982543
Congo,2011,685.1350266,436,4.23,53.89372433
Congo,2012,707.6843247,454,4.29,53.89372433
Congo,2013,728.8891888,471,4.39,53.89372433
Congo,2014,728.2596695,467,4.50,53.89372433
Armenia,1990,0,0,0.00,0
Armenia,1991,492,0,0.00,111
Armenia,1992,515.3167922,364,3.45,114.7088996
Armenia,1993,551.9885095,397,3.37,108.920206
Armenia,1994,560.2688651,334,3.29,110.8105337
Armenia,1995,505.7088756,385,3.22,105.8121868
Armenia,1996,508.0905898,415,3.17,108.5612328
Armenia,1997,506.6620928,339,3.14,96.34924668
Armenia,1998,490.794153,427,3.11,122.0655697
Armenia,1999,496.9752474,395,3.09,124.9011187
Armenia,2000,482.6548148,290,3.08,71.15191298
Armenia,2001,486.4330842,449,3.06,77.15320406
Armenia,2002,459.1423471,504,3.05,90.63078298
Armenia,2003,458.7950949,427,3.04,100.8314841
Armenia,2004,553.9390936,594,3.03,139.2999428
Armenia,2005,552.9250185,531,3.02,157.4147508
Armenia,2006,545.611036,341,3.00,119.9108195
Armenia,2007,515.1502412,576,2.99,124.629197
Armenia,2008,496.8753246,532,2.98,137.1085834
Armenia,2009,511.1164918,495,2.97,125.4557629
Armenia,2010,498.1779128,441,2.96,111.3635235
Armenia,2011,494.2717061,551,2.96,144.9823773
Armenia,2012,517.2685489,588,2.98,139.9823773
Armenia,2013,528.6764374,676,2.99,154.9823773
Armenia,2014,546.7453328,707,3.01,160.9823773
Azerbaijan,1990,0,0,0.00,0
Azerbaijan,1991,1142.7,0,0.00,345
Azerbaijan,1992,1189.009266,1328,7.45,325.2374526
Azerbaijan,1993,1155.620264,1173,7.57,298.718465
Azerbaijan,1994,1127.017582,1060,7.68,264.6504348
Azerbaijan,1995,1202.22278,1045,7.77,239.5790841
Azerbaijan,1996,1239.583655,1138,7.85,238.6021265
Azerbaijan,1997,1288.930385,1238,7.92,238.3912834
Azerbaijan,1998,1324.761057,990,7.98,216.317754
Azerbaijan,1999,1353.841411,1186,8.05,217.0265099
Azerbaijan,2000,1378.108178,1599,8.12,255.516583
Azerbaijan,2001,1414.287086,2099,8.20,268.1378346
Azerbaijan,2002,1440.232092,2297,8.28,274.2869524
Azerbaijan,2003,1456.929619,2176,8.37,286.1129822
Azerbaijan,2004,1480.407653,2312,8.47,369.0324198
Azerbaijan,2005,1501.275995,2318,8.56,324.5055086
Azerbaijan,2006,1497.518137,2548,8.67,332.1688413
Azerbaijan,2007,1519.466963,2620,8.77,375.7181075
Azerbaijan,2008,1530.215218,2527,8.87,384.2600689
Azerbaijan,2009,1554.740164,2687,8.99,322.0785812
Azerbaijan,2010,1538.617714,2102,9.10,254.8039415
Azerbaijan,2011,1569.522879,2673,9.20,294.5304938
Azerbaijan,2012,1613.442795,3019,9.36,398.5304938
Azerbaijan,2013,1660.240401,3028,9.50,421.5304938
Azerbaijan,2014,1639.866332,2678,9.63,436.5304938
Georgia,1990,0,0,0.00,0
Georgia,1991,782.6,0,0.00,148
Georgia,1992,839.2838757,547,5.35,124.5591044
Georgia,1993,866.0510156,462,5.25,90.99838584
Georgia,1994,810.7794617,549,5.16,100.3013598
Georgia,1995,851.2174003,595,5.07,80.69022048
Georgia,1996,863.4627063,710,4.99,87.32319991
Georgia,1997,1066.963662,987,4.92,148.5586197
Georgia,1998,1001.838272,682,4.86,122.6674943
Georgia,1999,1029.349756,886,4.80,139.2427645
Georgia,2000,919.843974,493,4.74,89.28981346
Georgia,2001,918.5684658,817,4.68,137.2648894
Georgia,2002,962.7007674,772,4.62,131.9657286
Georgia,2003,981.5170286,856,4.58,122.247424
Georgia,2004,916.4550182,780,4.52,111.803941
Georgia,2005,916.6775318,807,4.48,116.9859881
Georgia,2006,876.7842298,368,4.43,57.14962857
Georgia,2007,864.1339814,474,4.43,86.50376494
Georgia,2008,860.4017683,512,4.41,57.4014218
Georgia,2009,852.0634438,434,4.40,50.28640776
Georgia,2010,842.1205123,335,4.39,19.60292363
Georgia,2011,841.2165572,569,4.20,49.62771769
Georgia,2012,847.7559092,578,4.14,82.62771769
Georgia,2013,857.6062196,545,4.08,85.62771769
Georgia,2014,833.3464673,463,4.03,80.62771769
Kyrgyzstan,1990,0,0,0.00,0
Kyrgyzstan,1991,636.8,0,0.00,346
Kyrgyzstan,1992,717.2478015,1600,4.48,334.2979793
Kyrgyzstan,1993,703.2462916,1579,4.51,318.813751
Kyrgyzstan,1994,692.6694026,1067,4.54,280.4560103
Kyrgyzstan,1995,742.9275117,1087,4.59,247.1205875
Kyrgyzstan,1996,758.5774907,1548,4.66,268.9688965
Kyrgyzstan,1997,829.8936926,1882,4.74,312.6172822
Kyrgyzstan,1998,829.6812257,1786,4.82,375.8970503
Kyrgyzstan,1999,847.4359968,1838,4.89,376.4877378
Kyrgyzstan,2000,874.3899194,1789,4.96,379.1628518
Kyrgyzstan,2001,892.3719361,2065,4.99,388.3688636
Kyrgyzstan,2002,908.1496263,1998,5.03,356.4304152
Kyrgyzstan,2003,925.6277876,1934,5.01,341.0761998
Kyrgyzstan,2004,935.4875913,2024,5.02,334.5560809
Kyrgyzstan,2005,957.6443986,1885,5.04,333.842577
Kyrgyzstan,2006,903.3840354,1790,5.08,347.9804517
Kyrgyzstan,2007,970.3922784,1732,5.23,258.1466993
Kyrgyzstan,2008,1015.639175,1823,5.20,312.94206
Kyrgyzstan,2009,1021.233144,2178,5.27,369.9182677
Kyrgyzstan,2010,1032.645048,1837,5.33,340.2152495
Kyrgyzstan,2011,1054.822804,1890,5.40,364.299808
Kyrgyzstan,2012,1055.904207,1651,5.65,369.299808
Kyrgyzstan,2013,1076.717502,1917,5.75,372.299808
Kyrgyzstan,2014,1091.273986,1664,5.84,327.299808
Tajikistan,1990,0,0,0.00,0
Tajikistan,1991,872.3,0,0.00,206
Tajikistan,1992,891.7157494,303,5.52,193.6299643
Tajikistan,1993,713.9930356,311,5.62,147.5219572
Tajikistan,1994,641.0113412,272,5.70,105.8587994
Tajikistan,1995,614.5528444,261,5.78,80.07153649
Tajikistan,1996,682.0063748,546,5.86,91.28281709
Tajikistan,1997,768.6520283,566,5.94,110.407821
Tajikistan,1998,795.6776651,518,6.01,112.9967645
Tajikistan,1999,830.9577685,511,6.10,114.2855731
Tajikistan,2000,831.7646963,576,6.19,76.06233574
Tajikistan,2001,864.8533758,526,6.29,73.37569719
Tajikistan,2002,915.710727,713,6.40,93.8845621
Tajikistan,2003,932.6402547,891,6.53,101.5773669
Tajikistan,2004,943.9631012,962,6.66,100.1940657
Tajikistan,2005,942.0330595,954,6.81,100.0594783
Tajikistan,2006,1224.307136,1005,6.95,175.9882149
Tajikistan,2007,1400.77501,1049,7.11,204.7549703
Tajikistan,2008,1434.074579,957,7.28,201.1262563
Tajikistan,2009,1476.849235,1206,7.41,262.779634
Tajikistan,2010,1515.63493,1316,7.63,253.7075964
Tajikistan,2011,1577.871539,1168,7.82,257.6552095
Tajikistan,2012,1634.971258,1258,7.93,240.6552095
Tajikistan,2013,1704.544807,1473,8.11,269.6552095
Tajikistan,2014,1683.196005,1263,8.30,269.6552095
Turkmenistan,1990,0,0,0.00,0
Turkmenistan,1991,643.5,0,0.00,139
Turkmenistan,1992,662.8409502,721,3.88,189.3563107
Turkmenistan,1993,700.7206798,987,3.99,203.8393714
Turkmenistan,1994,701.9791372,1105,4.10,241.8350078
Turkmenistan,1995,665.3055944,1225,4.19,225.8281616
Turkmenistan,1996,622.3581256,535,4.27,125.2955572
Turkmenistan,1997,621.9988402,657,4.34,107.268349
Turkmenistan,1998,636.9632138,1200,4.40,141.5022
Turkmenistan,1999,655.6115808,1299,4.45,146.2100111
Turkmenistan,2000,689.4637993,1558,4.50,153.1511582
Turkmenistan,2001,716.0991863,2034,4.55,163.9500324
Turkmenistan,2002,772.3852861,2371,4.60,174.3195239
Turkmenistan,2003,805.0331133,2690,4.65,181.2327621
Turkmenistan,2004,813.6107776,2792,4.70,203.6056312
Turkmenistan,2005,838.3774047,2790,4.75,229.0550293
Turkmenistan,2006,874.5376707,1936,4.80,219.9459438
Turkmenistan,2007,868.7668667,2111,4.86,223.0363169
Turkmenistan,2008,877.3394365,1186,4.92,208.5877799
Turkmenistan,2009,886.5180497,1291,4.98,39.69619542
Turkmenistan,2010,902.1836391,1512,5.04,38.24809673
Turkmenistan,2011,920.6424024,1507,5.11,36.06946232
Turkmenistan,2012,937.9650403,1422,5.17,38.06946232
Turkmenistan,2013,955.9650403,1822,5.24,45.06946232
Turkmenistan,2014,956.806615,1417,5.31,45.06946232
Uzbekistan,1990,0,0,0.00,0
Uzbekistan,1991,3227.8,0,0.00,582
Uzbekistan,1992,3475.298621,2156,21.53,583.8472657
Uzbekistan,1993,3469.155792,2066,21.85,584.5448566
Uzbekistan,1994,3545.898659,2429,22.50,512.3145354
Uzbekistan,1995,3494.397083,3199,22.95,545.872733
Uzbekistan,1996,3632.328453,3525,23.38,603.4247853
Uzbekistan,1997,3698.521928,3799,23.79,567.4239657
Uzbekistan,1998,3628.976082,4185,23.85,596.6376091
Uzbekistan,1999,3691.504161,4335,24.52,607.6435795
Uzbekistan,2000,3655.187255,4027,24.83,555.9616527
Uzbekistan,2001,3628.681807,3671,24.81,545.7096187
Uzbekistan,2002,3724.689876,5496,25.33,555.7220265
Uzbekistan,2003,3901.06014,6155,25.55,588.6975948
Uzbekistan,2004,3947.383896,6007,25.78,576.269881
Uzbekistan,2005,3995.487776,6545,26.04,576.1507796
Uzbekistan,2006,4066.954614,6665,26.24,532.0525748
Uzbekistan,2007,4209.124027,7002,26.67,589.8124843
Uzbekistan,2008,4253.022368,6851,27.02,1181.375237
Uzbekistan,2009,4401.260231,7517,27.34,1103.836389
Uzbekistan,2010,4500.049584,7559,27.77,1206.121726
Uzbekistan,2011,4495.614196,7258,28.15,1606.372289
Uzbekistan,2012,4764.042064,7754,28.59,1650.372289
Uzbekistan,2013,4907.187609,7955,29.03,1699.372289
Uzbekistan,2014,5032.135314,8313,29.47,1695.372289
Moldova,1990,0,0,0.00,0
Moldova,1991,599,0,0.00,483
Moldova,1992,685.4618508,1645,4.38,313.5388643
Moldova,1993,713.5366691,2546,4.38,460.2007764
Moldova,1994,720.1947546,1292,4.36,320.4918677
Moldova,1995,661.9754302,2361,4.34,359.9531316
Moldova,1996,662.503927,1222,4.31,297.8964722
Moldova,1997,678.3223296,2158,4.27,404.159903
Moldova,1998,641.267116,1878,4.22,382.5986621
Moldova,1999,576.2928751,2275,4.22,341.5715331
Moldova,2000,595.9050477,1988,4.11,341.6187456
Moldova,2001,657.6395041,2645,4.04,342.0485301
Moldova,2002,653.6479954,2619,3.97,342.4981011
Moldova,2003,739.1898726,1658,3.90,352.1869862
Moldova,2004,734.9637094,3023,4.17,348.3988747
Moldova,2005,744.3504249,2871,3.77,349.7866836
Moldova,2006,748.5431799,2316,3.72,340.2052558
Moldova,2007,685.0575248,944,4.13,305.1165348
Moldova,2008,694.257754,3020,3.64,382.648416
Moldova,2009,692.4759905,2228,3.60,317.5811187
Moldova,2010,686.1476269,2518,3.57,340.5117741
Moldova,2011,689.955824,2542,3.54,314.2963656
Moldova,2012,643.4559683,1644,4.07,292.2963656
Moldova,2013,659.5379086,2809,4.07,302.2963656
Moldova,2014,661.7084529,2705,4.07,297.2963656
Burundi,1990,251.6,282,5.61,42
Burundi,1991,248.7,286,5.76,44
Burundi,1992,257.9,293,5.90,38
Burundi,1993,307.1,285,6.02,38
Burundi,1994,287.2,212,6.13,14
Burundi,1995,282.2,260,6.24,20
Burundi,1996,280.4,258,6.33,20
Burundi,1997,274.1,283,6.42,30
Burundi,1998,278.147,247,6.51,23
Burundi,1999,272.1742,245,6.62,34
Burundi,2000,269.6759,228,6.77,41
Burundi,2001,285.5563,253,6.95,41
Burundi,2002,242.2722,261,7.16,96
Burundi,2003,245.7841,259,7.40,96
Burundi,2004,253.5105,259,7.66,98
Burundi,2005,261.1903,265,7.93,91
Burundi,2006,273.8991,263,8.22,104
Burundi,2007,285.8433,268,8.51,96
Burundi,2008,297.6085,267,8.82,90
Burundi,2009,308.4928,273,9.14,93
Burundi,2010,317.095,285,9.46,89
Burundi,2011,326.886,298,9.79,91.5
Burundi,2012,339.0557,245,10.12,39
Burundi,2013,349.2851,248,10.47,38.5
Burundi,2014,358.2966,255,10.82,38
Eritrea,1990,0,0,0.00,0
Eritrea,1991,0,0,0.00,0
Eritrea,1992,0,0,0.00,0
Eritrea,1993,346.8,87,3.15,9
Eritrea,1994,373,257,3.15,26
Eritrea,1995,385.2,123,3.16,15
Eritrea,1996,383,83,3.20,5
Eritrea,1997,389,93,3.26,7
Eritrea,1998,399.8,450,3.34,43
Eritrea,1999,411.9,319,3.43,31
Eritrea,2000,402.6,125,3.54,12
Eritrea,2001,426.6,220,3.66,22
Eritrea,2002,445.2,54,3.79,5
Eritrea,2003,467.1,106,3.93,11
Eritrea,2004,487.1,109,4.06,10
Eritrea,2005,501.2,336,4.19,32
Eritrea,2006,517.3,377,4.30,37
Eritrea,2007,531.6,462,4.41,46
Eritrea,2008,537.9,106,4.50,10
Eritrea,2009,546.8,227,4.59,24
Eritrea,2010,567.551,248,4.69,25
Eritrea,2011,580.9,264,4.79,26
Eritrea,2012,591.4,265,4.89,26
Eritrea,2013,606.7,255,5.00,26
Eritrea,2014,621,245,5.11,24
Ethiopia,1990,0,0,0.00,0
Ethiopia,1991,0,0,0.00,0
Ethiopia,1992,0,0,0.00,0
Ethiopia,1993,6774.489499,6699,53.36,655.1799834
Ethiopia,1994,7514.139541,8288,55.20,874.5757026
Ethiopia,1995,8961.405871,11023,57.24,1011.022865
Ethiopia,1996,9361.578758,10226,58.82,1025.002171
Ethiopia,1997,10163.62625,11216,60.58,1106.79122
Ethiopia,1998,10161.35817,8994,62.35,882.5223844
Ethiopia,1999,10391.62197,10256,64.16,1007.756237
Ethiopia,2000,10351.05703,9970,66.44,973.4859996
Ethiopia,2001,10965.22279,11534,67.96,1130.826472
Ethiopia,2002,11330.97104,10899,69.95,1068.254404
Ethiopia,2003,11701.30724,11793,72.43,1148.656746
Ethiopia,2004,12384.53323,12505,74.07,1221.747155
Ethiopia,2005,12980.23803,15127,76.17,1486.799728
Ethiopia,2006,13705.18638,15165,78.29,1490.995221
Ethiopia,2007,14498.49985,14866,80.44,1457.570249
Ethiopia,2008,14773.86263,15627,83.08,1545.907864
Ethiopia,2009,15350.25347,17952,84.84,1825.984996
Ethiopia,2010,16536.53386,20281,87.10,2107.705666
Ethiopia,2011,17128.59586,21422,89.86,2277.54404
Ethiopia,2012,18413.13412,22823,91.73,2482.231768
Ethiopia,2013,19241.53913,25860,94.10,2787.294039
Ethiopia,2014,18383.55959,25509,96.96,2983.294039
Kenya,1990,3269.40767,3211,23.45,504.7990827
Kenya,1991,3421.045645,3303,24.23,364.3379824
Kenya,1992,3515.494805,3265,25.04,366.0962601
Kenya,1993,3597.723247,2953,25.84,347.6785903
Kenya,1994,3712.562391,4101,26.61,460.4396372
Kenya,1995,3772.52613,3734,27.42,425.0865787
Kenya,1996,4001.890011,3285,28.19,373.7186555
Kenya,1997,4084.244712,3256,28.94,372.8126263
Kenya,1998,3971.727018,3447,29.70,400.2661484
Kenya,1999,4259.098742,3448,30.30,373.2813055
Kenya,2000,4010.979588,3132,31.29,352.1499156
Kenya,2001,4318.758773,3835,32.13,479.8196645
Kenya,2002,4380.692328,3622,32.69,440.3998244
Kenya,2003,4555.316986,3973,33.91,419.5010378
Kenya,2004,4730.508422,3872,34.84,416.0366663
Kenya,2005,4965.897891,4527,35.79,497.3221643
Kenya,2006,5339.998906,4947,36.76,564.8628082
Kenya,2007,5398.080376,4528,37.25,503.8817692
Kenya,2008,5823.120743,4100,38.77,464.5500707
Kenya,2009,5889.464119,4033,39.83,433.4666944
Kenya,2010,5901.965303,5338,40.33,625.5676578
Kenya,2011,6050.322696,5064,42.03,675.186961
Kenya,2012,6434.173205,5727,43.18,719.7948892
Kenya,2013,6676.941682,5363,44.35,801.785496
Kenya,2014,6445.68201,4404,44.86,720.785496
Rwanda,1990,621.4822789,687,7.22,59.36711032
Rwanda,1991,757.0882392,889,6.97,94.12959778
Rwanda,1992,668.9867991,738,6.71,128.0838501
Rwanda,1993,709.2575693,709,6.07,118.3237338
Rwanda,1994,628.1000328,488,5.73,58.6700312
Rwanda,1995,571.462932,405,5.66,46.6460121
Rwanda,1996,765.2405248,517,5.93,52.82109539
Rwanda,1997,726.2951808,582,6.51,83.32114603
Rwanda,1998,818.4330534,544,7.17,19.84611686
Rwanda,1999,896.4274099,595,7.85,-4.271575507
Rwanda,2000,1117.763146,1073,8.02,163.7356786
Rwanda,2001,1202.208064,1144,8.76,92.26080385
Rwanda,2002,1247.070595,1291,8.99,167.8708455
Rwanda,2003,1211.701202,1161,9.13,81.25547127
Rwanda,2004,1191.349907,1109,9.25,67.36162367
Rwanda,2005,1240.254302,1257,9.01,115.180924
Rwanda,2006,1206.264388,1164,9.66,115.7595013
Rwanda,2007,1228.75111,1102,9.93,72.73689505
Rwanda,2008,1305.625682,1522,10.22,104.7253121
Rwanda,2009,1315.772579,1796,10.53,444.0045422
Rwanda,2010,1408.176173,2221,10.29,704.2157307
Rwanda,2011,1459.004016,2491,11.14,845.7783837
Rwanda,2012,1648.746278,2635,10.82,909.7783837
Rwanda,2013,1741.914564,2811,11.08,964.7783837
Rwanda,2014,1779.334471,2633,11.34,846.7783837
Somalia,1990,560.3,576,6.32,152
Somalia,1991,518.4,256,6.32,35
Somalia,1992,496,204,6.29,16
Somalia,1993,481.3,163,6.27,21
Somalia,1994,503.3,404,6.28,45
Somalia,1995,527.3,284,6.35,34
Somalia,1996,469.3,289,6.48,39
Somalia,1997,474.3,283,6.67,48
Somalia,1998,504.034,231,6.90,29
Somalia,1999,489.434,206,7.15,26
Somalia,2000,501.334,323,7.39,38
Somalia,2001,510.334,265,7.61,32
Somalia,2002,536.734,391,7.83,46
Somalia,2003,545.834,287,8.04,37
Somalia,2004,555.934,268,8.25,34
Somalia,2005,556.934,147,8.47,26
Somalia,2006,603.334,262,8.69,37
Somalia,2007,625.334,197,8.91,28
Somalia,2008,673.434,172,9.13,26
Somalia,2009,708.534,288,9.36,42
Somalia,2010,741.534,294,9.58,40
Somalia,2011,757.134,257,9.81,36
Somalia,2012,749.434,281,10.03,38
Somalia,2013,778.134,233,10.27,31
Somalia,2014,805.334,256,10.52,32
Sudan,1990,3041.435034,2032,25.77,212.0133729
Sudan,1991,3437.687458,4882,27.16,489.7594297
Sudan,1992,3700.344401,5077,27.87,508.1434833
Sudan,1993,3630.869883,3153,28.61,315.4109045
Sudan,1994,3934.68929,5065,29.37,506.5924294
Sudan,1995,4010.416506,3494,30.14,349.258849
Sudan,1996,4183.716466,5412,30.93,541.5952019
Sudan,1997,4318.934779,4580,31.73,459.3084324
Sudan,1998,4402.959765,5787,32.87,579.580269
Sudan,1999,4535.727949,3277,33.37,327.2541244
Sudan,2000,4770.449932,3488,34.19,351.3437338
Sudan,2001,4898.913439,5593,35.00,551.0389612
Sudan,2002,4999.835946,4100,35.82,398.328126
Sudan,2003,5184.653275,6546,37.87,655.3662783
Sudan,2004,5287.745061,3651,37.50,364.1183554
Sudan,2005,5505.725823,5674,38.41,573.6945137
Sudan,2006,5677.874362,6726,41.25,672.2390764
Sudan,2007,5778.642509,5413,40.37,540.4033521
Sudan,2008,6033.471503,5694,41.42,569.9777524
Sudan,2009,5884.595265,3746,42.48,359.7118712
Sudan,2010,6501.579771,5788,43.55,560.6373743
Sudan,2011,6197.6598,2661,43.55,88
Sudan,2012,6551.5,0,0.00,512
Sudan,2013,6485.6,0,0.00,92
Sudan,2014,6874.501,0,0.00,860
Tanzania,1990,4804.634677,5461,25.49,919.1300662
Tanzania,1991,4695.925706,5307,26.34,444.7285283
Tanzania,1992,4643.436193,5063,27.24,382.9662854
Tanzania,1993,4659.968338,5300,28.16,427.7885645
Tanzania,1994,4769.592064,5033,29.03,418.2902892
Tanzania,1995,4731.297293,5870,29.94,484.2838494
Tanzania,1996,4844.201526,5959,30.78,477.549129
Tanzania,1997,4944.647067,4652,31.59,397.8862395
Tanzania,1998,5179.639831,5779,32.38,558.9198082
Tanzania,1999,5255.700956,5232,33.14,468.5168875
Tanzania,2000,5257.281927,4738,34.02,432.2928021
Tanzania,2001,5374.367184,5461,34.90,526.9825598
Tanzania,2002,5612.310287,6146,35.86,776.0601148
Tanzania,2003,5317.823518,5119,36.76,439.5931843
Tanzania,2004,5778.103221,6408,37.77,618.0642143
Tanzania,2005,5899.013083,6665,38.82,741.7787463
Tanzania,2006,6193.020449,7143,39.94,874.3478199
Tanzania,2007,6401.245373,7089,41.52,571.688048
Tanzania,2008,6468.411244,6940,42.35,622.4895153
Tanzania,2009,6707.738664,7226,43.64,759.6497248
Tanzania,2010,7249.340705,9698,45.65,1154.083033
Tanzania,2011,7547.861857,9485,46.36,1346.022601
Tanzania,2012,7792.848455,9785,47.78,1277.666297
Tanzania,2013,8105.168965,10480,49.25,1536.458623
Tanzania,2014,8299.459041,10239,51.82,1507.458623
Uganda,1990,2288.505173,3428,17.54,707.3603161
Uganda,1991,2611.625582,3390,18.16,395.3615549
Uganda,1992,2646.968966,3472,18.79,386.4512327
Uganda,1993,2722.635025,3726,19.18,421.9349359
Uganda,1994,2556.006667,3457,20.08,388.7569093
Uganda,1995,2705.10522,3637,20.74,408.0615187
Uganda,1996,2581.678583,2956,21.04,345.7691696
Uganda,1997,2740.706887,3122,22.09,344.5084664
Uganda,1998,3078.068843,4018,22.78,466.5712104
Uganda,1999,3152.256054,4698,23.51,551.5386659
Uganda,2000,2913.0837,4706,24.28,979.4743153
Uganda,2001,3099.069071,5049,24.53,1035.622175
Uganda,2002,3216.545339,5178,25.94,1132.999672
Uganda,2003,3450.227026,5375,26.84,1103.144265
Uganda,2004,3558.83358,5189,27.11,1021.917796
Uganda,2005,3689.359519,5381,28.73,1026.947934
Uganda,2006,3861.465841,5294,29.71,941.0951528
Uganda,2007,3936.244352,5388,30.73,991.6955403
Uganda,2008,4033.739537,5882,31.78,1030.219004
Uganda,2009,4145.158028,6015,32.07,1003.666373
Uganda,2010,4278.281199,6136,33.99,1028.044839
Uganda,2011,4326.508845,6139,35.15,1056.01204
Uganda,2012,3329.601369,5083,35.40,1019.01204
Uganda,2013,3488.135256,5085,36.57,953.0120397
Uganda,2014,3535.918872,5071,37.78,948.0120397
Benin,1990,920.7893424,1240,5.00,167.488393
Benin,1991,972.2130158,1360,5.18,196.2658144
Benin,1992,1003.747953,1375,5.38,183.7579607
Benin,1993,1018.970706,1434,5.58,208.9327284
Benin,1994,1065.29045,1578,5.79,218.1025445
Benin,1995,1096.342119,1560,5.99,216.4721001
Benin,1996,1186.547431,1679,6.18,260.3364751
Benin,1997,1276.883206,2034,6.36,395.1571263
Benin,1998,1325.225951,2095,6.55,469.0619537
Benin,1999,1384.42867,2281,6.74,512.3148921
Benin,2000,1466.22469,2405,6.95,562.3738234
Benin,2001,1544.258503,2448,7.18,632.0794506
Benin,2002,1542.949584,2387,7.42,693.3254191
Benin,2003,1592.171059,2733,7.67,744.8403613
Benin,2004,1663.84953,2798,7.92,578.7689011
Benin,2005,1643.472333,2715,8.18,548.9457784
Benin,2006,1755.036883,2595,8.44,454.3596174
Benin,2007,1880.056652,2747,8.71,500.5370759
Benin,2008,1784.333462,3043,8.97,751.1155794
Benin,2009,1897.330323,3409,9.24,847.999699
Benin,2010,2021.620736,3215,9.51,721.1743481
Benin,2011,2162.583516,3494,9.78,751.8997402
Benin,2012,2205.115991,3510,10.05,857.0403402
Benin,2013,2428.645958,3806,10.32,751.4859402
Benin,2014,2546.666511,3891,10.60,852.1793402
Burkina Faso,1990,1721.535064,1523,8.81,226.9203261
Burkina Faso,1991,1941.376434,2464,9.05,368.0133489
Burkina Faso,1992,2085.397675,2494,9.30,372.0581178
Burkina Faso,1993,2143.522887,2485,9.55,371.0327458
Burkina Faso,1994,2290.937721,2489,9.82,370.6925169
Burkina Faso,1995,2319.776244,2307,10.09,344.6862202
Burkina Faso,1996,2347.5098,2462,10.37,365.8070172
Burkina Faso,1997,2055.409511,2003,10.67,302.5218404
Burkina Faso,1998,2368.733974,2648,10.97,396.3032867
Burkina Faso,1999,2388.473954,2690,11.28,403.0203988
Burkina Faso,2000,2346.349136,2269,11.61,351.3988855
Burkina Faso,2001,2695.448968,3112,11.95,479.8676013
Burkina Faso,2002,2715.366261,3111,12.29,477.7084869
Burkina Faso,2003,2937.443735,3554,12.65,536.5681318
Burkina Faso,2004,2905.024496,2925,13.03,460.0185023
Burkina Faso,2005,3035.699163,3649,13.42,577.6875081
Burkina Faso,2006,3124.888455,3678,13.83,575.6011718
Burkina Faso,2007,2963.453456,3094,14.24,434.0607103
Burkina Faso,2008,3425.611998,4332,14.66,742.0929017
Burkina Faso,2009,3321.729947,3610,15.10,544.2375799
Burkina Faso,2010,3526.168859,4534,15.63,735.0637081
Burkina Faso,2011,3414.450162,3677,16.11,568.8955153
Burkina Faso,2012,3869.143813,4860,16.46,825.9503468
Burkina Faso,2013,3971.035878,4854,17.08,956.7870171
Burkina Faso,2014,3942.594469,4380,17.59,777.2360171
Cape Verde,1990,91.49222066,16,0.35,2.529086006
Cape Verde,1991,88.3345946,12,0.36,5.37944292
Cape Verde,1992,93.0732294,12,0.36,8.212383505
Cape Verde,1993,96.43521794,14,0.38,6.054992677
Cape Verde,1994,95.77873016,5,0.39,2.730529101
Cape Verde,1995,99.13565124,10,0.40,3.285271392
Cape Verde,1996,98.05240847,3,0.41,7.426002592
Cape Verde,1997,69.76307648,7,0.41,1.986877124
Cape Verde,1998,93.37938513,7,0.43,10.01062234
Cape Verde,1999,94.71670636,39,0.43,7.278430025
Cape Verde,2000,100.291287,28,0.44,16.9257769
Cape Verde,2001,96.37584164,23,0.45,7.227056908
Cape Verde,2002,98.33053146,11,0.46,5.658648099
Cape Verde,2003,98.63731768,16,0.47,6.683168739
Cape Verde,2004,94.89568456,14,0.47,5.834266156
Cape Verde,2005,73.65452759,7,0.47,4.930378267
Cape Verde,2006,76.44197505,10,0.48,5.46630179
Cape Verde,2007,83.63867638,6,0.48,4.82873745
Cape Verde,2008,82.78060997,12,0.48,8.420042212
Cape Verde,2009,94.06437643,11,0.49,8.492773172
Cape Verde,2010,91.43967991,10,0.49,8.438530678
Cape Verde,2011,75.95042411,10,0.49,8.555267253
Cape Verde,2012,83.16023048,11,0.50,6.255267253
Cape Verde,2013,78.50970903,11,0.51,6.255267253
Cape Verde,2014,80.20220416,6,0.51,7.016267253
Chad,1990,780.7323988,819,5.96,114.4749283
Chad,1991,881.8611826,999,6.14,147.1683915
Chad,1992,863.716125,1124,6.34,181.0427695
Chad,1993,858.9149654,788,6.54,111.8097352
Chad,1994,950.6565562,1327,6.76,203.7972297
Chad,1995,1009.061829,1087,7.00,164.9677052
Chad,1996,1047.194424,1058,7.22,160.1638395
Chad,1997,1071.932225,1164,7.46,187.7191458
Chad,1998,1141.08776,1483,7.76,227.3919115
Chad,1999,1192.122986,1429,8.00,218.3184052
Chad,2000,1175.162008,1094,8.30,187.4336817
Chad,2001,1199.644508,1453,8.62,249.6073907
Chad,2002,1255.35528,1413,8.96,248.8002863
Chad,2003,1345.926594,1830,9.35,317.8395985
Chad,2004,1383.114531,1440,9.67,241.220537
Chad,2005,1403.373004,2054,10.01,347.8739041
Chad,2006,1546.195795,2203,10.42,405.2985086
Chad,2007,1452.470541,2190,10.69,551.4674958
Chad,2008,1470.884727,1935,11.03,446.1570982
Chad,2009,1572.71158,1786,11.37,420.3691265
Chad,2010,1717.016979,3460,11.72,919.2801966
Chad,2011,1783.98482,1875,12.30,686.3822139
Chad,2012,1844.871231,3390,12.45,889.0339296
Chad,2013,1955.760735,2796,12.83,1001.902341
Chad,2014,2006.336191,2950,13.59,888.902341
C“te d'Ivoire,1990,2491.938604,2489,12.17,263.8244279
C“te d'Ivoire,1991,2554.34819,2553,12.53,229.5897461
C“te d'Ivoire,1992,2586.227624,2644,12.95,236.8240257
C“te d'Ivoire,1993,2573.31879,2631,13.50,235.7898876
C“te d'Ivoire,1994,2653.201408,2687,13.80,288.1231371
C“te d'Ivoire,1995,2718.033313,2746,14.22,248.7257342
C“te d'Ivoire,1996,3006.977587,3028,14.63,302.3688078
C“te d'Ivoire,1997,2996.885862,3046,15.04,345.5377183
C“te d'Ivoire,1998,2984.551776,3060,15.73,346.2894909
C“te d'Ivoire,1999,3137.441779,3146,15.80,336.7575296
C“te d'Ivoire,2000,3274.525348,3197,16.13,361.2793626
C“te d'Ivoire,2001,3353.08703,3243,16.87,408.6659607
C“te d'Ivoire,2002,3555.892777,3291,16.68,420.3113777
C“te d'Ivoire,2003,3619.172786,3315,16.91,408.9175437
C“te d'Ivoire,2004,3720.743559,3410,17.14,415.0773707
C“te d'Ivoire,2005,3846.459345,3547,17.39,430.6272063
C“te d'Ivoire,2006,3937.778111,3670,18.49,420.5735013
C“te d'Ivoire,2007,3975.992352,3554,17.95,329.8831483
C“te d'Ivoire,2008,3991.12199,3896,18.26,507.5811449
C“te d'Ivoire,2009,4106.136657,3615,19.68,395.4893441
C“te d'Ivoire,2010,4188.396217,3710,18.98,389.9001928
C“te d'Ivoire,2011,4462.305056,3746,19.39,407.5978428
C“te d'Ivoire,2012,4560.279698,3873,19.84,439.4807776
C“te d'Ivoire,2013,4712.699414,3915,20.32,397.8238322
C“te d'Ivoire,2014,5414.257559,4576,22.16,405.8238322
Gambia,1990,147.4315767,85,0.92,21.10525729
Gambia,1991,151.374022,107,0.95,20.14632131
Gambia,1992,154.1340042,93,0.98,16.16378888
Gambia,1993,163.7248469,99,1.01,16.16602275
Gambia,1994,165.3291836,92,1.04,14.16090388
Gambia,1995,171.7632653,96,1.07,24.18163777
Gambia,1996,188.4463814,105,1.10,27.84558034
Gambia,1997,193.97683,107,1.13,29.29248566
Gambia,1998,204.3409098,109,1.16,29.32178171
Gambia,1999,222.0288874,141,1.19,34.06124745
Gambia,2000,234.5252494,166,1.23,44.57988627
Gambia,2001,254.0718393,191,1.27,61.49452161
Gambia,2002,256.780642,133,1.31,50.30346977
Gambia,2003,274.0699383,205,1.35,67.67167767
Gambia,2004,296.4919966,214,1.39,64.73022103
Gambia,2005,299.3892112,202,1.44,66.35143876
Gambia,2006,297.9113175,202,1.49,63.43928103
Gambia,2007,298.5470466,148,1.53,42.87080024
Gambia,2008,305.6482232,227,1.58,63.15228316
Gambia,2009,333.047625,266,1.64,64.49770046
Gambia,2010,350.7254792,261,1.68,68.34665302
Gambia,2011,312.8207517,178,1.74,55.92252761
Gambia,2012,334.3319135,207,1.81,59.44252761
Gambia,2013,324.1925959,206,1.87,62.76252761
Gambia,2014,321.1322889,161,1.93,53.70252761
Ghana,1990,2300.996847,2319,14.63,504.9542605
Ghana,1991,2965.209635,4622,15.04,1570.446168
Ghana,1992,3050.377113,4295,15.47,1446.744259
Ghana,1993,3333.027698,4966,15.91,1551.374683
Ghana,1994,3495.986063,4537,16.34,1073.545913
Ghana,1995,3668.734905,5152,16.76,1345.793997
Ghana,1996,4112.501428,5411,17.17,1368.243211
Ghana,1997,4249.205331,5361,17.57,1227.467933
Ghana,1998,4322.458737,5655,17.97,1446.864866
Ghana,1999,4382.788405,5987,18.38,1641.576261
Ghana,2000,4495.580788,6039,18.83,1662.833926
Ghana,2001,4696.641673,6257,19.29,1689.591463
Ghana,2002,4775.801714,7155,19.79,2053.247816
Ghana,2003,4893.290724,7182,20.30,2068.993107
Ghana,2004,4896.832959,6754,20.84,1982.366836
Ghana,2005,5068.761183,6889,21.38,1994.135572
Ghana,2006,5073.190467,6887,21.95,1994.916683
Ghana,2007,5134.592843,6920,22.53,1964.999811
Ghana,2008,5339.637771,8087,23.11,2288.269877
Ghana,2009,5580.215611,8902,23.69,2710.738573
Ghana,2010,5741.832042,9558,24.32,2917.294953
Ghana,2011,6112.682635,9519,24.82,3008.680079
Ghana,2012,6315.02057,9986,25.54,3024.358079
Ghana,2013,6935.413274,10409,26.16,3029.264079
Ghana,2014,7160.397233,10628,26.79,3033.899079
Guinea,1990,904.5793203,784,6.03,105.2721255
Guinea,1991,939.5552846,778,6.35,158.7732159
Guinea,1992,939.9096185,772,6.73,195.6435072
Guinea,1993,988.8732497,804,7.16,200.8822197
Guinea,1994,1031.002353,829,7.51,202.9919754
Guinea,1995,1062.831257,909,7.84,175.8636446
Guinea,1996,1087.961913,951,8.10,177.530887
Guinea,1997,1252.691979,1191,8.30,236.9452798
Guinea,1998,1519.646531,1555,8.50,294.1914864
Guinea,1999,1626.847857,1633,8.60,271.1169603
Guinea,2000,1824.08523,1775,8.75,296.0670535
Guinea,2001,1884.308576,1727,8.96,285.8743161
Guinea,2002,1971.228833,1834,9.05,302.76767
Guinea,2003,2011.539088,1897,9.21,313.3100288
Guinea,2004,2054.085048,1989,9.38,328.389193
Guinea,2005,2128.964902,2106,9.58,348.8037586
Guinea,2006,2110.882127,2228,9.90,365.76064
Guinea,2007,2165.223935,2295,10.05,374.8200622
Guinea,2008,2260.180855,2431,10.32,403.8856715
Guinea,2009,2345.449593,2579,10.59,421.8788938
Guinea,2010,2350.877767,2752,10.88,505.6714927
Guinea,2011,2253.678037,2895,11.32,392.8994563
Guinea,2012,2450.292289,3062,11.63,567.0044563
Guinea,2013,2553.478606,3223,11.95,705.4874563
Guinea,2014,2613.591645,3124,12.28,699.2814563
Guinea-Bissau,1990,180.9385885,146,1.06,21.58399256
Guinea-Bissau,1991,187.9407905,158,1.04,34.62553309
Guinea-Bissau,1992,188.5194489,148,1.07,34.64228791
Guinea-Bissau,1993,197.5805093,169,1.13,31.53275169
Guinea-Bissau,1994,199.9917968,158,1.11,30.74637369
Guinea-Bissau,1995,202.8429683,179,1.14,32.76782991
Guinea-Bissau,1996,214.9823284,167,1.17,32.85863555
Guinea-Bissau,1997,218.5199847,168,1.19,25.86209849
Guinea-Bissau,1998,216.1544998,131,1.26,12.29609833
Guinea-Bissau,1999,222.530892,150,1.25,13.7572204
Guinea-Bissau,2000,219.5477473,165,1.27,20.76217117
Guinea-Bissau,2001,232.3483418,165,1.34,15.66273799
Guinea-Bissau,2002,241.6045087,155,1.33,15.33298489
Guinea-Bissau,2003,242.2149056,132,1.36,13.92611286
Guinea-Bissau,2004,209.6915812,176,1.39,19.78016194
Guinea-Bissau,2005,238.2335684,216,1.42,24.6726656
Guinea-Bissau,2006,255.9219759,225,1.49,32.07306507
Guinea-Bissau,2007,239.4864522,178,1.48,23.96945157
Guinea-Bissau,2008,233.2645203,183,1.52,29.267575
Guinea-Bissau,2009,218.8207564,205,1.60,30.21249013
Guinea-Bissau,2010,247.3376904,236,1.59,35.48814467
Guinea-Bissau,2011,246.5548842,194,1.62,27.90365428
Guinea-Bissau,2012,277.4789865,231,1.71,34.44465428
Guinea-Bissau,2013,271.6683809,233,1.76,33.67465428
Guinea-Bissau,2014,236.7299893,134,1.80,20.57165428
Liberia,1990,384.4133708,197,2.10,4.327929137
Liberia,1991,286.0149447,170,2.07,4.674494283
Liberia,1992,285.9145372,167,2.03,28.47962809
Liberia,1993,288.8951038,122,2.01,13.5954941
Liberia,1994,236.6219351,109,2.02,6.758846242
Liberia,1995,313.77567,113,2.08,9.922714103
Liberia,1996,295.9406679,152,2.20,5.025580092
Liberia,1997,316.4066289,223,2.37,15.25003449
Liberia,1998,385.1764777,255,2.56,29.07760116
Liberia,1999,434.4470418,262,2.74,27.13098555
Liberia,2000,404.2030512,282,2.89,28.44186015
Liberia,2001,436.79499,315,3.00,35.27465854
Liberia,2002,456.618618,285,3.07,26.29062462
Liberia,2003,478.6279899,247,3.12,14.11331221
Liberia,2004,495.5175394,285,3.19,30.21673947
Liberia,2005,532.2289505,271,3.27,25.20608576
Liberia,2006,519.3116982,261,3.38,25.11460525
Liberia,2007,601.3793081,337,3.52,50.91791502
Liberia,2008,613.8066916,357,3.67,59.18083625
Liberia,2009,630.5498074,360,3.82,63.9797943
Liberia,2010,669.3248621,360,3.96,64.97612279
Liberia,2011,681.2994095,365,4.08,64.12185541
Liberia,2012,696.1492568,365,4.19,84.12185541
Liberia,2013,709.4811479,353,4.29,54.12185541
Liberia,2014,724.7569904,352,4.40,59.12185541
Mali,1990,1774.806474,1694,7.96,260.307973
Mali,1991,1845.834007,2286,8.13,355.4947005
Mali,1992,1666.43801,1690,8.32,250.8769335
Mali,1993,1744.225199,2111,8.54,314.6742241
Mali,1994,1844.562031,2323,9.38,347.691843
Mali,1995,1902.420476,2044,8.99,304.19078
Mali,1996,1933.448704,2037,9.22,303.529241
Mali,1997,1867.566039,1984,10.17,304.1160412
Mali,1998,2067.117123,2344,9.71,347.9240486
Mali,1999,2187.544565,2708,9.98,401.0703381
Mali,2000,2099.475992,2143,10.26,317.7531706
Mali,2001,2118.698526,2334,10.56,357.8778455
Mali,2002,2217.969504,2367,11.72,342.6669106
Mali,2003,2422.189011,3174,11.22,474.9220038
Mali,2004,2465.727036,2651,11.57,366.5277074
Mali,2005,2617.115771,3182,12.88,438.1208335
Mali,2006,2754.508234,3489,12.33,532.2844112
Mali,2007,2977.311042,3718,12.73,583.0418384
Mali,2008,3341.310724,4192,13.14,666.1490822
Mali,2009,3617.498643,5835,13.56,1389.939197
Mali,2010,3799.32853,5800,15.17,1583.290008
Mali,2011,3857.564422,5380,14.42,1355.067652
Mali,2012,4081.652805,6225,16.11,1854.078652
Mali,2013,4064.168547,5161,16.59,1350.288652
Mali,2014,4329.742716,6429,17.09,1632.826652
Mauritania,1990,277.2425934,87,2.02,32.2876049
Mauritania,1991,304.6541954,92,2.08,55.30807059
Mauritania,1992,315.7853154,90,2.14,39.31107304
Mauritania,1993,345.5932468,167,2.20,36.00112896
Mauritania,1994,331.0381433,184,2.27,39.80800269
Mauritania,1995,347.2557437,201,2.33,73.16306654
Mauritania,1996,340.4262605,96,2.40,68.61903606
Mauritania,1997,346.8423667,121,2.48,31.29340649
Mauritania,1998,354.1069168,149,2.55,28.32501291
Mauritania,1999,387.8242691,160,2.63,36.20772043
Mauritania,2000,414.3322579,150,2.71,35.74333721
Mauritania,2001,432.9322163,101,2.79,27.99625419
Mauritania,2002,445.9095725,87,2.88,35.63252222
Mauritania,2003,430.911428,148,2.97,42.71039417
Mauritania,2004,427.1742169,82,3.06,49.26653401
Mauritania,2005,539.6767614,165,3.15,37.37386779
Mauritania,2006,411.8927175,119,3.24,26.58684865
Mauritania,2007,492.5915963,149,3.33,37.89334704
Mauritania,2008,537.3834684,159,3.41,38.91218457
Mauritania,2009,571.245593,151,3.52,33.92970634
Mauritania,2010,555.4964815,222,3.61,47.33320675
Mauritania,2011,499.2814676,137,3.70,31.5851253
Mauritania,2012,536.6467755,260,3.78,52.1281253
Mauritania,2013,575.1339565,231,3.87,51.8641253
Mauritania,2014,603.0323203,257,3.97,72.7711253
Niger,1990,1796.257719,1487,7.91,191.8228467
Niger,1991,1928.010554,2527,8.00,371.6332525
Niger,1992,2078.91418,2280,8.27,336.6270266
Niger,1993,1925.399502,1836,8.73,266.8003704
Niger,1994,2129.245381,2462,8.85,362.4111028
Niger,1995,2142.049274,2125,9.17,313.0255668
Niger,1996,2160.556494,2266,9.50,400.1400466
Niger,1997,1850.64126,1754,9.85,307.438361
Niger,1998,2492.911356,3037,10.43,537.8879198
Niger,1999,2487.537503,2883,10.60,508.8473329
Niger,2000,2239.293561,2190,10.99,382.9577978
Niger,2001,2757.921039,3189,11.64,563.8051179
Niger,2002,2850.703037,3370,11.82,594.7384775
Niger,2003,2944.771976,3625,12.25,640.9207152
Niger,2004,2651.68491,2781,12.71,501.4388844
Niger,2005,3209.110227,3712,13.18,669.259455
Niger,2006,3463.973086,4125,14.00,741.9950261
Niger,2007,3091.606101,3457,14.20,724.6743939
Niger,2008,3850.325735,5092,14.74,1104.502392
Niger,2009,3575.836123,3552,15.67,627.6671802
Niger,2010,4162.026053,5656,15.89,1018.34778
Niger,2011,3940.886428,3665,16.51,701.1634721
Niger,2012,4357.070402,5393,17.64,967.8334721
Niger,2013,4357.405294,4408,18.36,781.4084721
Niger,2014,4550.245119,4952,19.11,824.7234721
Nigeria,1990,18598.7345,25800,95.62,4859.617886
Nigeria,1991,20087.72405,29210,98.09,5832.905553
Nigeria,1992,22070.67724,31925,100.59,6377.808698
Nigeria,1993,23237.05303,33493,103.15,6829.054695
Nigeria,1994,24062.8543,34775,105.75,7050.881588
Nigeria,1995,25814.52636,37189,108.43,7504.878576
Nigeria,1996,25325.25341,36284,111.16,7441.521676
Nigeria,1997,26083.45229,36960,113.98,7662.92266
Nigeria,1998,26688.08688,38248,116.87,8442.990275
Nigeria,1999,26427.03349,37778,119.83,8839.52465
Nigeria,2000,26170.26349,36217,122.88,8214.233917
Nigeria,2001,26538.50973,35628,126.01,8294.285408
Nigeria,2002,22676.35257,33915,129.23,7789.791127
Nigeria,2003,23489.8672,36203,132.55,8938.791902
Nigeria,2004,25164.00369,39480,136.03,10620.66784
Nigeria,2005,24586.70173,40812,139.59,11594.33828
Nigeria,2006,26377.71757,45062,143.32,12349.18929
Nigeria,2007,26669.58542,41302,147.19,10553.62287
Nigeria,2008,26973.55909,44514,151.21,12053.80966
Nigeria,2009,27750.9279,40615,155.21,9191.872292
Nigeria,2010,28878.52057,45882,159.71,10913.1498
Nigeria,2011,31183.69218,48071,164.19,11551.02457
Nigeria,2012,31964.85466,45032,168.83,11584.98237
Nigeria,2013,33411.18106,47298,173.62,12780.60496
Nigeria,2014,35531.35816,53429,177.48,13318.00496
Senegal,1990,1401.189148,926,7.51,136.5067315
Senegal,1991,1458.577505,914,7.75,135.9965099
Senegal,1992,1492.053717,813,7.99,121.0354808
Senegal,1993,1492.046907,1034,8.24,143.9337827
Senegal,1994,1546.901844,917,8.48,128.9483329
Senegal,1995,1632.020411,1050,8.71,174.6545282
Senegal,1996,1510.506202,982,8.94,135.6512125
Senegal,1997,1473.552265,760,9.16,123.9243531
Senegal,1998,1420.059692,731,9.39,117.0935691
Senegal,1999,1548.734986,940,9.62,154.9864786
Senegal,2000,1788.184884,1040,9.86,163.5282333
Senegal,2001,1956.143702,950,10.12,152.2513741
Senegal,2002,1886.352029,803,10.39,132.9575866
Senegal,2003,2009.347264,1452,10.67,231.3540227
Senegal,2004,1948.834362,1160,10.97,205.6073493
Senegal,2005,2129.147387,1465,11.27,249.395826
Senegal,2006,2150.168539,1027,11.58,156.1706899
Senegal,2007,2017.870088,826,11.90,136.9949517
Senegal,2008,2407.448892,1926,12.24,327.4278729
Senegal,2009,2578.534552,1824,12.59,332.0478707
Senegal,2010,2621.600977,1668,12.95,341.9261738
Senegal,2011,2667.812917,1040,13.33,188.8635953
Senegal,2012,2754.33,1359,13.78,230.48
Senegal,2013,2649.225,1140,14.13,216.015
Senegal,2014,2628.789,1083,14.67,258.691
Sierra Leone,1990,528.5772136,453,4.04,37.13429699
Sierra Leone,1991,532.344884,370,3.95,31.61682662
Sierra Leone,1992,545.9884622,382,4.03,33.48075839
Sierra Leone,1993,569.3435243,437,3.99,40.28949271
Sierra Leone,1994,625.0211557,414,3.86,35.65438328
Sierra Leone,1995,598.8386127,339,3.93,37.5575781
Sierra Leone,1996,610.6524696,387,3.92,40.77560125
Sierra Leone,1997,508.974553,411,3.93,106.0965087
Sierra Leone,1998,421.8612137,345,3.96,67.47229424
Sierra Leone,1999,381.2437775,267,3.95,40.59723482
Sierra Leone,2000,399.9118428,247,4.14,47.18877453
Sierra Leone,2001,487.2509626,350,4.30,82.92127149
Sierra Leone,2002,549.774607,452,4.42,122.7704109
Sierra Leone,2003,580.8938582,881,4.71,478.5177819
Sierra Leone,2004,629.9136245,974,4.93,416.02388
Sierra Leone,2005,663.9486598,774,5.12,192.1501357
Sierra Leone,2006,660.0989249,889,5.28,256.0764991
Sierra Leone,2007,697.2603971,991,5.39,336.5921522
Sierra Leone,2008,741.2731679,1097,5.53,375.4620044
Sierra Leone,2009,826.5258127,1506,5.64,691.9713951
Sierra Leone,2010,926.4031348,1778,5.78,814.9669695
Sierra Leone,2011,1013.77805,1899,5.87,930.8177503
Sierra Leone,2012,1135.863642,1946,6.04,931.4177503
Sierra Leone,2013,1236.230326,2076,6.18,1000.07775
Sierra Leone,2014,1334.161301,2090,6.32,969.6177503
Togo,1990,721.2076155,837,3.79,149.9460274
Togo,1991,679.0006878,769,3.89,131.847936
Togo,1992,641.206076,779,3.98,134.2770364
Togo,1993,707.2285643,956,4.08,166.9074101
Togo,1994,699.0600419,773,4.18,128.9124308
Togo,1995,722.4312955,845,4.28,176.835573
Togo,1996,830.1690097,1070,4.39,152.0436006
Togo,1997,899.7108205,1121,4.51,172.2335102
Togo,1998,888.4650124,1038,4.62,182.0962584
Togo,1999,916.1871099,1216,4.74,219.1508572
Togo,2000,941.3759165,1140,4.87,177.142766
Togo,2001,952.8260516,1148,4.99,199.3417856
Togo,2002,983.1840899,1217,5.14,210.5242722
Togo,2003,1008.538312,1293,5.26,227.8236393
Togo,2004,1062.198922,1224,5.40,176.4410822
Togo,2005,1093.559308,1251,5.58,174.9738299
Togo,2006,1116.039864,1313,5.69,200.0669212
Togo,2007,1139.483726,1330,5.84,195.5680661
Togo,2008,1190.516374,1414,5.99,212.6269289
Togo,2009,1263.449997,1582,6.14,277.0201401
Togo,2010,1298.682737,1576,6.39,274.7188947
Togo,2011,1332.031184,1624,6.47,304.1949533
Togo,2012,1492.090001,1835,6.75,336.0848533
Togo,2013,1347.712066,1653,6.93,325.0206533
Togo,2014,1627.179308,1929,7.12,340.7781533
Bolivia,1990,779.6121429,1001,6.79,109.8341043
Bolivia,1991,868.3262374,1220,6.96,117.1788673
Bolivia,1992,826.8560238,1014,7.13,103.8059732
Bolivia,1993,899.4632484,1268,7.29,116.0467181
Bolivia,1994,951.9221239,1178,7.46,134.6530776
Bolivia,1995,979.510602,1264,7.57,137.0550677
Bolivia,1996,934.981057,1395,7.81,137.0287903
Bolivia,1997,918.6984056,1097,7.98,121.1859341
Bolivia,1998,955.0389223,1303,8.15,163.3093795
Bolivia,1999,1016.15299,1331,8.32,143.2685549
Bolivia,2000,1117.631599,1449,8.34,159.7643507
Bolivia,2001,1138.92011,1505,8.67,191.5320464
Bolivia,2002,1139.816059,1488,8.84,174.6441114
Bolivia,2003,1173.226118,1707,8.81,213.1203325
Bolivia,2004,1241.882989,1597,9.19,168.6473965
Bolivia,2005,1311.007722,2087,9.36,198.5763329
Bolivia,2006,1356.703932,2306,9.52,236.7263527
Bolivia,2007,1356.818274,2369,9.68,263.6653457
Bolivia,2008,1387.603586,2217,9.60,308.72445
Bolivia,2009,1433.160302,2290,9.99,321.6188684
Bolivia,2010,1452.918118,2232,10.16,338.0140911
Bolivia,2011,1481.990951,2069,10.32,264.8831681
Bolivia,2012,1499.578221,2673,10.24,368.8831681
Bolivia,2013,1526.038301,2621,10.40,359.8831681
Bolivia,2014,1562.141308,2681,10.56,361.8831681
Colombia,1990,3235.075582,4676,33.31,958.0662706
Colombia,1991,3298.574241,4234,34.92,609.9760376
Colombia,1992,3461.662156,3969,34.61,704.3043467
Colombia,1993,3777.351915,4217,35.26,786.2417809
Colombia,1994,3932.357509,4240,35.92,870.582812
Colombia,1995,4105.376751,3956,36.57,921.0723648
Colombia,1996,4377.190774,3916,38.05,787.0413033
Colombia,1997,4535.656381,3766,37.90,758.5222826
Colombia,1998,4540.302682,3385,38.57,552.2903319
Colombia,1999,4703.544418,3900,39.82,659.7793774
Colombia,2000,4807.199897,3844,39.90,517.1659945
Colombia,2001,4996.971005,4068,40.56,604.8764647
Colombia,2002,5042.188476,4072,41.22,512.8236102
Colombia,2003,5183.875612,4554,41.87,589.3804161
Colombia,2004,5287.061475,4682,42.72,616.107659
Colombia,2005,5199.18156,4362,43.18,601.2771654
Colombia,2006,5199.188966,4153,43.84,515.947434
Colombia,2007,5601.966257,4578,44.50,531.0853693
Colombia,2008,5641.485926,4680,45.15,535.9664955
Colombia,2009,5700.009306,4636,45.42,531.1227758
Colombia,2010,5612.485553,4005,46.45,529.6952182
Colombia,2011,5588.038066,4179,47.08,458.7123371
Colombia,2012,5662.693831,4384,46.88,488.1951149
Colombia,2013,5841.016253,4402,48.32,624.0362478
Colombia,2014,5888.667168,3641,47.79,639.0362478
DomRep,1990,662.2360509,398,7.18,26.61444212
DomRep,1991,609.4094741,439,7.39,23.0233322
DomRep,1992,645.0706618,468,7.54,23.7255456
DomRep,1993,650.6011996,451,7.69,34.32128018
DomRep,1994,610.8044813,349,7.83,36.95671429
DomRep,1995,663.7644954,463,7.89,30.0973056
DomRep,1996,710.6086785,444,8.12,45.31756135
DomRep,1997,742.5487332,452,8.26,45.99712878
DomRep,1998,750.3526161,439,8.30,74.97318063
DomRep,1999,783.0188259,487,8.53,106.6386572
DomRep,2000,685.8186461,494,8.66,93.34623262
DomRep,2001,797.6271385,602,8.80,99.56615011
DomRep,2002,819.0579114,599,8.94,123.2950659
DomRep,2003,839.7425481,540,8.97,108.1868166
DomRep,2004,720.6246748,492,9.21,98.1565963
DomRep,2005,736.742618,529,9.34,110.6137462
DomRep,2006,768.6545823,575,9.37,123.3392213
DomRep,2007,811.7952476,601,9.62,118.9097837
DomRep,2008,824.8543248,610,9.75,114.0321348
DomRep,2009,795.4110183,686,9.88,115.0278485
DomRep,2010,949.4426854,723,10.02,129.0822165
DomRep,2011,949.8673955,697,10.03,122.6308749
DomRep,2012,937.7742544,633,10.28,115.2658203
DomRep,2013,930.503631,691,10.40,118.6601169
DomRep,2014,968.2038932,676,10.41,116.6601169
Ecuador,1990,1018.610797,1148,10.22,221.177116
Ecuador,1991,961.1309666,1197,10.36,158.296597
Ecuador,1992,1085.420833,1328,10.60,182.2936687
Ecuador,1993,1225.699451,1491,10.95,186.1372427
Ecuador,1994,1374.378049,1588,11.08,206.5844295
Ecuador,1995,1294.717225,1502,11.32,199.6641586
Ecuador,1996,1474.335894,1540,11.56,194.2820614
Ecuador,1997,1360.575124,1535,11.80,153.1321409
Ecuador,1998,1275.443413,1182,12.16,109.7867538
Ecuador,1999,1427.911854,1446,12.29,129.0934399
Ecuador,2000,1321.490083,1454,12.53,169.3040534
Ecuador,2001,1373.612872,1232,12.85,124.7946532
Ecuador,2002,1342.556183,1495,13.03,186.2872951
Ecuador,2003,1417.575565,1525,13.28,187.713691
Ecuador,2004,1296.781572,1575,13.53,580.221054
Ecuador,2005,1369.245898,1683,13.78,597.9902354
Ecuador,2006,1356.516212,1618,13.97,658.3258244
Ecuador,2007,1329.923983,1720,14.27,572.6873959
Ecuador,2008,1361.066857,1722,14.51,569.2221013
Ecuador,2009,1384.326902,1803,14.69,589.7943756
Ecuador,2010,1428.499859,1933,15.00,774.1572138
Ecuador,2011,1443.586873,1786,15.25,769.7206268
Ecuador,2012,1452.173127,2209,15.42,800.7206268
Ecuador,2013,1479.551151,2152,15.66,811.7206268
Ecuador,2014,1527.781075,2124,15.90,776.7206268
El Salvador,1990,788.6148471,814,5.34,55.97180949
El Salvador,1991,780.2374667,717,5.43,41.14758189
El Salvador,1992,814.4530162,980,5.51,56.49227208
El Salvador,1993,824.9801144,896,5.46,85.28137466
El Salvador,1994,835.59659,739,5.68,84.45753701
El Salvador,1995,826.4306808,901,5.75,92.74015271
El Salvador,1996,792.0195418,872,5.64,58.59561831
El Salvador,1997,845.6009134,771,5.86,91.48559107
El Salvador,1998,854.3091299,787,5.90,78.23721685
El Salvador,1999,901.8409381,861,5.93,50.04770408
El Salvador,2000,930.1436776,783,5.96,75.32104361
El Salvador,2001,955.7788222,770,5.84,97.96165608
El Salvador,2002,968.2985036,825,6.01,114.0069715
El Salvador,2003,1002.573384,813,6.03,113.638759
El Salvador,2004,1061.988349,849,5.93,34.83295784
El Salvador,2005,1081.875109,1005,6.07,30.03698199
El Salvador,2006,993.5133196,821,6.10,33.92663311
El Salvador,2007,1059.219405,927,6.12,40.26176522
El Salvador,2008,1081.993558,1041,6.15,53.23818639
El Salvador,2009,1014.211578,997,6.02,27.08241924
El Salvador,2010,1118.051559,923,6.22,36.6091776
El Salvador,2011,1125.206545,944,6.26,65.14184528
El Salvador,2012,1125.234586,1113,6.07,54.14184528
El Salvador,2013,1137.53421,1066,6.09,58.14184528
El Salvador,2014,1143.441144,988,6.11,56.14184528
Guatemala,1990,1278.812355,1465,9.16,151.9149613
Guatemala,1991,1297.252784,1410,9.10,140.5443644
Guatemala,1992,1307.106001,1554,9.31,144.7627753
Guatemala,1993,1401.406771,1479,9.53,144.976916
Guatemala,1994,1434.575964,1333,9.76,175.4596784
Guatemala,1995,1493.325156,1203,10.36,156.1940376
Guatemala,1996,1470.549275,1184,10.22,133.3764342
Guatemala,1997,1408.016051,1006,10.45,129.8615189
Guatemala,1998,1451.270167,1195,11.14,111.1332626
Guatemala,1999,1539.725759,1156,10.94,96.78967391
Guatemala,2000,1380.786521,1193,11.20,102.9250164
Guatemala,2001,1425.339894,1229,11.48,102.4373924
Guatemala,2002,1476.149428,1204,11.77,108.5608853
Guatemala,2003,1570.0594,1201,12.57,110.9331748
Guatemala,2004,1578.813083,1233,12.37,123.5144372
Guatemala,2005,1598.890824,1210,12.68,100.804975
Guatemala,2006,1630.091468,1336,13.49,158.0802741
Guatemala,2007,1659.040846,1594,13.32,132.9634358
Guatemala,2008,1748.164459,1736,13.65,144.0753806
Guatemala,2009,1773.479216,1868,13.99,121.9690223
Guatemala,2010,1866.825589,1802,14.34,110.0140524
Guatemala,2011,1912.182562,1815,15.05,87.0203308
Guatemala,2012,1949.610284,1851,15.08,80.46807197
Guatemala,2013,2048.451392,1906,15.47,99.26877826
Guatemala,2014,2075.818209,1945,16.02,108.2687783
Haiti,1990,708.490654,522,7.11,71.38187164
Haiti,1991,811.7691081,567,7.26,71.65212239
Haiti,1992,837.7716735,621,7.40,107.4344827
Haiti,1993,845.3444539,588,7.53,86.27664362
Haiti,1994,868.4433936,587,7.69,120.187102
Haiti,1995,895.945241,600,7.84,122.5101207
Haiti,1996,872.3083976,576,7.97,125.0252998
Haiti,1997,907.9778475,570,8.14,116.4835435
Haiti,1998,956.2751057,562,8.29,104.0303525
Haiti,1999,943.4744531,578,8.43,79.58804143
Haiti,2000,956.1096856,586,8.58,85.91455295
Haiti,2001,987.3053264,531,8.69,81.67108829
Haiti,2002,989.2489831,538,8.86,80.76948894
Haiti,2003,1005.014472,562,9.00,80.75383145
Haiti,2004,1071.831477,556,9.12,81.12343929
Haiti,2005,1112.424902,597,9.26,88.87170555
Haiti,2006,1146.916299,606,9.39,89.1223309
Haiti,2007,1099.769185,725,9.51,97.54984044
Haiti,2008,1162.07817,630,9.64,94.82300997
Haiti,2009,1165.060678,793,9.85,108.1400791
Haiti,2010,1228.674718,922,9.90,114.8994237
Haiti,2011,1184.665997,923,10.03,120.4834262
Haiti,2012,1190.345352,710,10.29,119.8873294
Haiti,2013,1290.001891,949,10.32,142.7299493
Haiti,2014,1322.484387,741,10.57,136.7299493
Honduras,1990,540.1146602,688,4.90,50.77616969
Honduras,1991,554.897786,699,5.04,52.75101461
Honduras,1992,573.094789,694,5.18,42.77670337
Honduras,1993,604.4081523,698,5.32,43.4277284
Honduras,1994,637.2027556,670,5.46,60.30907879
Honduras,1995,698.8046473,782,5.59,76.41831464
Honduras,1996,695.7502381,789,5.72,72.16290766
Honduras,1997,716.3853305,751,5.85,91.90591972
Honduras,1998,590.3227049,583,5.98,49.57518962
Honduras,1999,609.945991,565,6.11,31.10229155
Honduras,2000,815.870777,616,6.24,35.98438208
Honduras,2001,820.2596227,459,6.37,32.14930942
Honduras,2002,804.3948072,593,6.50,35.49884036
Honduras,2003,863.8760696,599,6.63,38.26480261
Honduras,2004,919.4084069,509,6.75,65.30560653
Honduras,2005,940.3736167,533,6.90,83.96977459
Honduras,2006,933.895658,579,7.04,121.0668123
Honduras,2007,956.2806526,722,7.13,187.8376805
Honduras,2008,1004.380415,649,7.32,102.6669193
Honduras,2009,983.6921227,666,7.47,107.1442288
Honduras,2010,1003.714921,631,7.62,106.6599083
Honduras,2011,1029.744303,670,7.78,117.3078688
Honduras,2012,1049.927171,689,7.74,115.3078688
Honduras,2013,1090.493389,715,7.85,102.3078688
Honduras,2014,1092.575427,491,7.96,83.80786878
Jamaica,1990,368.4480822,67,2.37,31.04907714
Jamaica,1991,362.2160265,74,2.38,29.20188306
Jamaica,1992,384.4877843,86,2.40,32.2160718
Jamaica,1993,368.6058795,93,2.44,33.02781858
Jamaica,1994,391.5057739,96,2.44,37.23648876
Jamaica,1995,381.057666,98,2.46,19.67215419
Jamaica,1996,371.9592441,101,2.51,22.86605115
Jamaica,1997,352.2926139,83,2.51,18.46086449
Jamaica,1998,368.0112937,77,2.53,26.07145622
Jamaica,1999,373.4807406,78,2.56,36.26813368
Jamaica,2000,380.3821976,59,2.58,38.6539334
Jamaica,2001,373.4271454,62,2.62,34.01360897
Jamaica,2002,367.063497,56,2.63,40.33056181
Jamaica,2003,387.1445236,59,2.65,31.73152052
Jamaica,2004,377.4831965,52,2.66,31.2182142
Jamaica,2005,373.7684217,44,2.68,40.68289001
Jamaica,2006,382.648948,53,2.70,41.33816399
Jamaica,2007,382.0819877,49,2.71,36.01251257
Jamaica,2008,379.080022,45,2.72,35.55677615
Jamaica,2009,391.2586561,55,2.73,36.51668769
Jamaica,2010,400.7544337,62,2.74,37.00081634
Jamaica,2011,406.0802126,66,2.76,37.68192974
Jamaica,2012,408.6879519,68,2.77,37.68743035
Jamaica,2013,408.4985793,67,2.78,37.62575566
Jamaica,2014,392.8205137,58,2.78,37.62575566
Nicaragua,1990,460.5707946,361,4.14,55.21167391
Nicaragua,1991,428.6801863,361,4.24,49.31910436
Nicaragua,1992,426.3586472,447,4.34,57.26823363
Nicaragua,1993,470.5364102,506,4.43,65.48587724
Nicaragua,1994,463.0396048,455,4.56,105.3367366
Nicaragua,1995,496.8790334,523,4.66,135.5243458
Nicaragua,1996,485.6515898,607,4.76,157.4359882
Nicaragua,1997,513.0633147,544,4.85,127.5255507
Nicaragua,1998,589.897154,551,4.87,134.5863814
Nicaragua,1999,601.7780729,527,5.02,95.53215055
Nicaragua,2000,637.937611,689,5.10,192.6260838
Nicaragua,2001,658.9166738,708,5.10,238.3379796
Nicaragua,2002,691.8383939,848,5.25,283.9632365
Nicaragua,2003,714.6291037,921,5.32,263.7615867
Nicaragua,2004,795.5852486,722,5.39,212.4237472
Nicaragua,2005,812.1020449,891,5.46,214.3325315
Nicaragua,2006,827.4687695,818,5.45,184.6762338
Nicaragua,2007,856.7179935,867,5.60,184.1713622
Nicaragua,2008,852.7069218,797,5.67,184.4396764
Nicaragua,2009,852.9080471,929,5.74,225.7197667
Nicaragua,2010,865.3780947,902,5.82,218.1605874
Nicaragua,2011,898.574389,997,5.81,215.0736463
Nicaragua,2012,996.0085385,997,5.88,211.0736463
Nicaragua,2013,1022.245977,1097,5.95,239.0736463
Nicaragua,2014,951.4542674,815,6.01,170.0736463
Peru,1990,2514.208421,2156,21.77,318.6599001
Peru,1991,2639.992746,2221,22.21,365.4338042
Peru,1992,2677.375319,1921,22.74,309.9993344
Peru,1993,2980.80186,2577,23.08,411.8165772
Peru,1994,3158.900487,2942,23.51,449.7990912
Peru,1995,3364.086091,2925,24.04,521.3759612
Peru,1996,3613.017238,3192,24.37,580.5948283
Peru,1997,3731.970608,3444,24.79,651.4524883
Peru,1998,3892.44288,3795,25.21,736.7630352
Peru,1999,4191.276125,4341,25.61,802.305444
Peru,2000,4412.639046,4617,25.91,816.1496268
Peru,2001,4320.148445,4573,26.37,845.5591797
Peru,2002,4553.615152,4846,26.73,924.5656746
Peru,2003,4596.70585,4854,26.94,916.3058233
Peru,2004,4557.053629,4454,27.40,816.8812898
Peru,2005,4788.477933,5013,27.72,944.9690001
Peru,2006,4949.740459,5086,28.03,988.1227915
Peru,2007,5039.294558,5172,28.33,947.4031985
Peru,2008,5255.870714,5689,28.64,1078.464702
Peru,2009,5453.690269,6026,28.93,1103.67281
Peru,2010,5531.12731,5942,29.26,1209.738174
Peru,2011,5650.565398,5754,29.76,1169.029864
Peru,2012,5802.503585,6449,29.99,1332.096777
Peru,2013,5933.439391,6520,30.38,1330.776378
Peru,2014,5935.685174,6224,30.97,1419.776378
Afghanistan,1990,2854.653102,2647,11.73,188.5993159
Afghanistan,1991,2798.178002,2665,12.61,236.57589
Afghanistan,1992,2893.017891,2373,13.81,223.6111382
Afghanistan,1993,3063.920608,2853,15.18,271.6090113
Afghanistan,1994,3333.648723,3039,16.49,286.6199963
Afghanistan,1995,3536.319166,3007,17.59,382.655874
Afghanistan,1996,3440.151188,3157,18.42,414.6725674
Afghanistan,1997,3404.857171,3605,19.02,331.6493984
Afghanistan,1998,3539.516242,3782,19.50,366.6891694
Afghanistan,1999,3207.366549,3218,19.99,339.5626762
Afghanistan,2000,3298.936577,1840,20.60,171.6669154
Afghanistan,2001,3395.235716,2044,21.35,176.7226152
Afghanistan,2002,3584.467635,3662,22.20,531.7633197
Afghanistan,2003,4121.970662,5202,23.12,1057.680514
Afghanistan,2004,4523.20687,3482,24.02,435.2148649
Afghanistan,2005,4490.405004,5335,24.86,984.2802995
Afghanistan,2006,4714.509597,4531,25.63,838.3600398
Afghanistan,2007,4851.813237,5667,26.35,1186.108312
Afghanistan,2008,5081.891463,3723,27.03,939.0095239
Afghanistan,2009,5195.591933,6369,27.71,1805.202301
Afghanistan,2010,5323.695666,5769,28.40,1857.758276
Afghanistan,2011,5519.412191,4512,29.11,1360.462381
Afghanistan,2012,5746.618955,6403,29.83,1605.190105
Afghanistan,2013,5986.197989,6472,30.55,1661.587265
Afghanistan,2014,6303.383556,6705,31.63,1661.087265
Bangladesh,1990,17631.72464,351,107.39,2439.115489
Bangladesh,1991,18100.33868,377,109.94,2992.008971
Bangladesh,1992,18561.84439,397,112.43,2484.046744
Bangladesh,1993,18932.26719,391,114.90,1946.354521
Bangladesh,1994,19509.00044,399,115.91,1960.164558
Bangladesh,1995,19921.4044,407,119.87,1959.646032
Bangladesh,1996,20095.36279,416,122.40,1865.033628
Bangladesh,1997,20373.10199,410,123.57,3734.927821
Bangladesh,1998,21169.15362,412,127.48,3798.823357
Bangladesh,1999,22374.86228,643,129.97,4214.282418
Bangladesh,2000,23146.35386,682,132.38,5079.7133
Bangladesh,2001,24233.40957,734,134.73,4696.886958
Bangladesh,2002,24895.36098,684,136.23,5092.809388
Bangladesh,2003,25432.79916,760,139.19,5309.801695
Bangladesh,2004,25337.71745,848,141.24,4117.477371
Bangladesh,2005,26131.38829,1048,142.93,4904.101907
Bangladesh,2006,26709.80394,1153,144.87,4529.122968
Bangladesh,2007,28455.44208,1110,146.46,4559.374776
Bangladesh,2008,29663.02853,1401,147.97,5953.711344
Bangladesh,2009,30353.27121,1118,149.50,6028.752098
Bangladesh,2010,31665.44748,1651,151.62,6385.264332
Bangladesh,2011,32605.2208,1724,152.86,6618.234013
Bangladesh,2012,32847.42797,1688,154.70,6584.733321
Bangladesh,2013,33699.45663,1764,157.16,6781.272458
Bangladesh,2014,34573.14631,1928,159.08,7541.272458
India,1990,138075.5846,4518,868.89,15521.54634
India,1991,142053.5968,4828,886.35,13954.83968
India,1992,145774.6727,5446,906.46,18349.54991
India,1993,149775.6936,5446,921.11,16865.24241
India,1994,152504.8282,5421,938.45,15707.24502
India,1995,154212.4541,5301,955.80,14306.83028
India,1996,157956.6453,5455,973.15,15453.80713
India,1997,160268.632,6691,997.82,12686.19153
India,1998,162485.5475,5616,1007.75,13476.71643
India,1999,165445.755,6423,1025.02,14109.59531
India,2000,170036.5795,6877,1042.26,11613.99715
India,2001,174961.1601,6572,1059.50,13922.50166
India,2002,174326.1403,6994,1090.19,11553.23513
India,2003,177916.5936,6326,1093.79,12447.69997
India,2004,176745.3497,7424,1110.63,14988.90206
India,2005,177633.3053,8095,1144.33,16274.05443
India,2006,180153.6904,8125,1143.29,15282.59766
India,2007,182300.3478,8097,1159.10,16932.58569
India,2008,185522.538,9609,1174.66,19475.69113
India,2009,187817.9591,9665,1190.14,14691.978
India,2010,190219.3683,9682,1230.98,17959.52499
India,2011,192855.7148,10909,1221.16,20162.6253
India,2012,194224.7406,10945,1236.69,20481.80074
India,2013,197665.3919,11416,1279.50,21578.35929
India,2014,201095.5246,11822,1295.29,22081.31229
Indonesia,1990,36385.11452,5653,178.63,4877.589088
Indonesia,1991,37362.62539,5697,181.79,5043.300716
Indonesia,1992,38938.2569,5981,187.76,6267.988836
Indonesia,1993,39805.03854,6248,188.02,5819.991287
Indonesia,1994,40534.47734,5745,191.09,6050.05316
Indonesia,1995,41624.17675,5799,194.11,7053.627385
Indonesia,1996,42736.65343,6210,197.10,7587.817697
Indonesia,1997,42947.30075,5523,202.85,5077.285312
Indonesia,1998,43573.37283,5464,202.99,7238.003476
Indonesia,1999,44340.85552,5860,205.95,7388.170861
Indonesia,2000,44549.97038,5850,211.54,7840.183119
Indonesia,2001,44565.76865,6097,211.97,7132.005204
Indonesia,2002,44945.05917,6069,215.04,6901.79594
Indonesia,2003,46354.32387,6662,218.15,7773.959319
Indonesia,2004,43744.03056,6935,221.29,9775.617281
Indonesia,2005,43962.68607,6880,226.25,11054.46991
Indonesia,2006,44468.77073,7113,227.71,9486.650827
Indonesia,2007,45658.4235,7100,230.97,12316.7598
Indonesia,2008,46441.32443,7642,235.36,13552.45983
Indonesia,2009,47816.33967,7887,237.49,17405.51331
Indonesia,2010,48873.63685,8428,240.68,21590.53991
Indonesia,2011,49648.3175,8523,243.80,21209.33914
Indonesia,2012,50710.95629,8741,246.86,24629.37061
Indonesia,2013,51266.10262,8631,251.27,23230.85503
Indonesia,2014,51660.45118,8404,254.45,23026.65503
North Korea,1990,4178.150424,262,20.19,747.7618866
North Korea,1991,4307.217927,256,20.51,751.3356272
North Korea,1992,4304.661701,284,20.84,775.4674534
North Korea,1993,4213.50599,134,21.17,508.4108925
North Korea,1994,4267.684416,187,21.48,499.7398145
North Korea,1995,3725.033356,142,21.76,469.1656568
North Korea,1996,3548.760355,169,22.02,318.9024613
North Korea,1997,3671.014698,274,22.24,512.3784194
North Korea,1998,3348.145853,416,22.45,574.5859939
North Korea,1999,3701.186253,482,22.64,398.2935517
North Korea,2000,3740.285197,506,22.84,330.6871164
North Korea,2001,3916.267305,600,23.04,374.1015279
North Korea,2002,3902.489997,525,23.25,355.4830633
North Korea,2003,3960.091564,561,23.45,382.1906118
North Korea,2004,4450.694048,569,23.64,743.3964398
North Korea,2005,4404.728073,570,23.81,723.2839817
North Korea,2006,4406.394343,559,23.97,630.1099591
North Korea,2007,3871.09782,539,24.11,405.2434295
North Korea,2008,3757.405806,459,24.24,392.3669805
North Korea,2009,3746.400241,473,24.37,414.8382126
North Korea,2010,3798.770473,518,24.50,346.7807063
North Korea,2011,3806.924393,532,24.63,995.4878563
North Korea,2012,4157.373377,454,24.76,679.2495569
North Korea,2013,4178.752828,545,24.90,764.6920542
North Korea,2014,4317.666887,570,25.03,828.9920542
Nepal,1990,3522.009252,180,18.11,730.3124512
Nepal,1991,3564.967622,194,18.57,920.1892127
Nepal,1992,3607.617311,191,19.05,750.8282908
Nepal,1993,3594.86803,189,19.55,792.3317105
Nepal,1994,3838.039685,196,20.86,776.4475428
Nepal,1995,3965.659812,203,20.59,831.4301957
Nepal,1996,4080.715227,214,21.12,898.0881879
Nepal,1997,4258.314267,235,22.40,878.2148527
Nepal,1998,4357.620255,222,22.18,872.2291147
Nepal,1999,4879.584094,257,22.69,933.3716273
Nepal,2000,4568.187946,288,23.18,1091.486489
Nepal,2001,4696.674659,310,23.66,1062.312983
Nepal,2002,4802.116022,347,24.52,1089.272061
Nepal,2003,4942.818888,361,24.53,1157.884663
Nepal,2004,5043.764932,386,24.92,1147.979076
Nepal,2005,5213.506246,409,25.51,1124.957631
Nepal,2006,5392.228326,456,25.63,930.8021285
Nepal,2007,5516.961753,453,25.95,1153.933616
Nepal,2008,5622.441094,461,26.25,1188.422058
Nepal,2009,5825.979101,561,26.55,1030.052488
Nepal,2010,5985.332115,581,26.88,1267.419994
Nepal,2011,6142.611124,579,27.16,1405.532862
Nepal,2012,6242.181075,598,27.47,1390.869292
Nepal,2013,6600.58161,619,27.83,1530.486518
Nepal,2014,6799.133249,613,28.17,1544.979518
Pakistan,1990,17268.00652,19602,111.09,1680.622605
Pakistan,1991,17903.30317,19781,114.23,1571.920226
Pakistan,1992,17986.71101,20864,117.29,1648.430989
Pakistan,1993,18719.99102,22194,120.34,1727.99442
Pakistan,1994,19417.72724,20975,119.56,1593.901333
Pakistan,1995,20125.92964,23410,126.69,1746.69401
Pakistan,1996,20435.11054,23621,130.08,1745.304409
Pakistan,1997,20896.93618,23448,128.85,1754.66442
Pakistan,1998,21609.23331,26116,137.14,2016.815149
Pakistan,1999,21289.37655,25738,140.58,2070.389505
Pakistan,2000,21574.85731,28620,143.83,2806.619811
Pakistan,2001,21941.35533,25608,146.86,2266.904092
Pakistan,2002,22256.42824,25449,144.27,2284.071792
Pakistan,2003,22762.25878,27104,152.42,2361.337332
Pakistan,2004,22577.19872,28369,155.15,2576.321858
Pakistan,2005,22948.048,31329,157.97,2854.79355
Pakistan,2006,23371.55424,30808,160.91,2914.000706
Pakistan,2007,24003.24161,33743,159.77,2738.002681
Pakistan,2008,24865.42794,32766,167.01,3149.146817
Pakistan,2009,25360.44363,35511,170.09,3331.589052
Pakistan,2010,25616.61278,33232,170.04,2694.371998
Pakistan,2011,26109.77009,37140,176.17,3066.306401
Pakistan,2012,26711.59334,34698,179.16,2878.577252
Pakistan,2013,27384.31873,37566,182.14,3150.799829
Pakistan,2014,27764.23663,39032,185.04,3843.674829
Phillippines,1990,9336.264406,12135,61.95,732.5009489
Phillippines,1991,9475.291841,11460,63.48,845.156235
Phillippines,1992,10140.37722,11671,65.00,942.7144456
Phillippines,1993,10185.05929,12114,66.52,1221.35559
Phillippines,1994,9906.028687,11772,68.05,1346.247822
Phillippines,1995,10635.83232,12311,69.84,1108.250419
Phillippines,1996,10877.9105,12480,71.19,1404.8924
Phillippines,1997,11211.49864,11684,72.78,1620.999335
Phillippines,1998,11124.41394,11293,74.39,109.2495481
Phillippines,1999,11832.01111,13204,76.02,1943.943864
Phillippines,2000,11978.52742,13443,77.93,1276.183294
Phillippines,2001,12195.71443,13774,79.30,2127.859808
Phillippines,2002,12001.97396,13501,80.95,1114.262921
Phillippines,2003,12617.54456,14581,82.97,1877.80596
Phillippines,2004,12902.00444,15585,84.23,2286.791876
Phillippines,2005,13516.54734,15849,85.82,2148.528011
Phillippines,2006,13996.28928,16979,87.37,2230.687168
Phillippines,2007,14568.34419,18391,88.88,2695.956971
Phillippines,2008,15087.45943,18877,90.30,2818.952055
Phillippines,2009,15146.20123,18016,91.89,1772.059391
Phillippines,2010,15590.84773,18167,93.44,1765.589659
Phillippines,2011,15905.64972,18957,94.50,2526.505048
Phillippines,2012,16160.2021,20146,96.71,1970.804836
Phillippines,2013,16490.64666,20566,98.39,2765.274921
Phillippines,2014,16894.95332,21105,99.14,2720.543721
Sri Lanka,1990,2632.229359,1999,17.33,126.5684929
Sri Lanka,1991,2630.643575,1887,17.53,156.5367264
Sri Lanka,1992,2710.740154,1814,17.73,129.2009665
Sri Lanka,1993,2753.094602,1986,17.92,126.5129634
Sri Lanka,1994,2810.802252,2051,18.09,132.9822963
Sri Lanka,1995,2864.714626,2131,18.25,114.0990159
Sri Lanka,1996,2836.580999,1613,18.37,84.39296897
Sri Lanka,1997,2892.267757,1700,18.47,84.25712404
Sri Lanka,1998,2943.679289,1998,18.57,122.711662
Sri Lanka,1999,2985.463107,2111,18.70,184.2243238
Sri Lanka,2000,3019.576039,2118,18.85,167.5200259
Sri Lanka,2001,3021.516023,2002,19.04,163.7835751
Sri Lanka,2002,3074.600485,2120,19.26,112.6224307
Sri Lanka,2003,3178.807751,2262,19.22,172.2864587
Sri Lanka,2004,2940.419402,1966,19.74,166.9610512
Sri Lanka,2005,2986.298641,2392,19.95,270.3641026
Sri Lanka,2006,3072.053779,2459,19.67,276.7889783
Sri Lanka,2007,3160.993733,2323,20.30,280.534628
Sri Lanka,2008,3211.736951,2895,20.45,431.4152374
Sri Lanka,2009,3317.576134,2769,20.60,423.4408618
Sri Lanka,2010,3432.56941,3236,20.76,543.2240661
Sri Lanka,2011,3476.428369,2993,20.32,491.3096894
Sri Lanka,2012,3498.120253,2979,21.10,488.4098876
Sri Lanka,2013,3546.39165,3523,21.27,576.7608433
Sri Lanka,2014,3594.867414,2732,20.62,466.7608433
Vietnam,1990,11536.57195,14645,68.21,1077.63936
Vietnam,1991,11804.94364,14998,69.67,881.9044932
Vietnam,1992,12252.81456,16532,71.13,1532.196783
Vietnam,1993,12509.1215,17425,72.56,1726.513048
Vietnam,1994,13053.17721,17997,73.92,1757.985329
Vietnam,1995,13399.24828,18928,75.20,1859.041028
Vietnam,1996,13500.73736,20222,76.38,1943.007804
Vietnam,1997,13654.02467,21130,77.46,1999.178383
Vietnam,1998,13976.4024,21963,78.46,2041.660732
Vietnam,1999,14674.51324,23697,79.40,2353.430733
Vietnam,2000,15177.6855,24719,80.29,3361.518065
Vietnam,2001,15891.85623,25018,81.12,3328.274404
Vietnam,2002,16440.06268,27192,81.92,4022.606558
Vietnam,2003,16662.81937,28064,82.68,4107.587538
Vietnam,2004,16279.92458,28940,83.44,4915.435428
Vietnam,2005,16368.78083,29293,84.20,4865.211467
Vietnam,2006,16365.14365,29676,84.98,4924.419349
Vietnam,2007,16373.34029,30308,85.77,4974.815996
Vietnam,2008,16446.59431,32702,86.59,6749.610833
Vietnam,2009,16386.0947,32445,87.45,5155.541633
Vietnam,2010,16276.48941,33336,88.36,6499.029088
Vietnam,2011,16443.26589,35522,89.32,6507.754335
Vietnam,2012,16545.10804,36279,90.34,5818.052527
Vietnam,2013,16740.12322,36922,91.38,7302.256952
Vietnam,2014,17069.95119,37662,92.42,7772.256952
Cambodia,1990,1428.600349,1773,9.06,316.561071
Cambodia,1991,1439.197648,1633,9.38,237.6104025
Cambodia,1992,1603.756819,1603,9.72,70.31877996
Cambodia,1993,1601.482309,1476,10.08,43.66219669
Cambodia,1994,1666.875764,1558,10.36,48.72504023
Cambodia,1995,1825.53098,2234,10.77,199.0807314
Cambodia,1996,1827.786792,2204,11.09,276.8412128
Cambodia,1997,1964.372793,2264,11.34,292.8301929
Cambodia,1998,1984.441649,2330,11.69,304.7361531
Cambodia,1999,2052.243922,2764,11.96,421.135158
Cambodia,2000,2108.928252,2792,12.22,412.8537995
Cambodia,2001,2162.849528,2864,12.47,424.063456
Cambodia,2002,2239.072209,2647,12.68,374.4223166
Cambodia,2003,2398.484756,3441,12.93,495.8278578
Cambodia,2004,2108.717,2882,13.15,533.4111161
Cambodia,2005,2210.829873,4012,13.36,956.5492368
Cambodia,2006,2270.355179,4786,13.56,1664.307907
Cambodia,2007,2326.815244,5214,13.73,1831.257194
Cambodia,2008,2391.089627,5989,13.94,2309.593364
Cambodia,2009,2465.973355,6515,14.14,2385.103747
Cambodia,2010,2549.259726,6971,14.36,2754.395868
Cambodia,2011,2656.127595,8318,14.61,3759.364062
Cambodia,2012,2630.015961,8739,14.83,3874.401662
Cambodia,2013,2842.951583,8887,15.08,3904.286662
Cambodia,2014,3142.477248,8700,15.33,3851.685662
Laos,1990,922.0465872,1064,4.25,83.78500809
Laos,1991,902.5320543,869,4.37,46.62660542
Laos,1992,864.048108,1019,4.50,60.86695524
Laos,1993,873.2309118,860,4.63,61.17351643
Laos,1994,880.8149396,1076,4.75,67.41240763
Laos,1995,934.7391868,956,4.86,60.68650504
Laos,1996,959.2148401,981,4.99,75.61715615
Laos,1997,988.7674806,1130,5.10,93.6424473
Laos,1998,1017.360587,1175,5.20,131.0671541
Laos,1999,1028.237133,1410,5.30,341.108084
Laos,2000,1040.911329,1502,5.34,391.9452046
Laos,2001,1062.016779,1552,5.47,396.4736799
Laos,2002,1076.533452,1627,5.55,408.753724
Laos,2003,1136.59418,1621,5.58,392.1517063
Laos,2004,1138.014108,1738,5.70,429.3881197
Laos,2005,1216.573789,1998,5.79,508.518422
Laos,2006,1272.058719,2150,5.90,663.080822
Laos,2007,1317.487423,2494,6.01,775.5191743
Laos,2008,1359.774626,3019,6.05,1028.92172
Laos,2009,1394.826185,3159,6.27,1026.432835
Laos,2010,1417.224092,3044,6.40,1041.116831
Laos,2011,1441.053899,3166,6.37,1104.722495
Laos,2012,1543.543444,3468,6.47,1122.722495
Laos,2013,1629.838586,3514,6.58,1144.722495
Laos,2014,1784.712426,3609,6.69,1164.722495
Mongolia,1990,320.8279087,753,2.18,159.4732007
Mongolia,1991,322.1124492,620,2.22,114.8114072
Mongolia,1992,320.6079951,513,2.24,118.2967613
Mongolia,1993,318.287583,489,2.26,130.5132746
Mongolia,1994,327.2409179,343,2.28,104.81076
Mongolia,1995,300.4539101,275,2.30,85.11642979
Mongolia,1996,301.2083616,231,2.32,83.1170075
Mongolia,1997,315.5151399,254,2.34,62.29492191
Mongolia,1998,326.6270098,211,2.36,56.46891638
Mongolia,1999,381.1250744,184,2.38,48.81702008
Mongolia,2000,340.1481331,156,2.40,38.9207144
Mongolia,2001,352.3956041,157,2.42,45.36233756
Mongolia,2002,348.2556482,139,2.44,55.39411765
Mongolia,2003,369.4900664,185,2.47,48.97890158
Mongolia,2004,364.8807877,159,2.50,42.73501003
Mongolia,2005,368.4430348,97,2.53,34.99569494
Mongolia,2006,386.351708,166,2.56,44.71017281
Mongolia,2007,392.231639,144,2.60,46.24207564
Mongolia,2008,393.0079435,247,2.63,64.50086872
Mongolia,2009,403.536288,430,2.67,113.6790853
Mongolia,2010,407.5031718,397,2.71,111.2155708
Mongolia,2011,427.3401098,496,2.75,108.7736465
Mongolia,2012,433.4664007,539,2.81,113.3116465
Mongolia,2013,434.0966261,429,2.86,29.31164654
Mongolia,2014,434.3075531,541,2.91,49.41164654
Yemen,1990,1844.507584,813,11.79,290.192536
Yemen,1991,2006.221299,494,12.39,51.21245655
Yemen,1992,2133.235723,862,13.04,77.38001586
Yemen,1993,2237.988538,894,13.73,85.58876484
Yemen,1994,2366.417292,854,14.63,79.40815781
Yemen,1995,2478.568559,864,15.02,129.4128212
Yemen,1996,2412.338164,709,15.58,64.34355894
Yemen,1997,2555.080274,693,16.35,65.45664101
Yemen,1998,2626.487743,883,16.56,83.49563599
Yemen,1999,2722.52019,748,17.04,71.60915412
Yemen,2000,2824.310133,790,17.52,104.5902771
Yemen,2001,2977.854807,821,18.03,105.5564546
Yemen,2002,2964.084146,671,18.83,94.59779923
Yemen,2003,2991.337978,513,19.08,89.62455056
Yemen,2004,2934.26255,461,19.61,72.49364564
Yemen,2005,3115.025146,549,20.50,87.86242606
Yemen,2006,3241.826898,783,20.66,104.2285169
Yemen,2007,3374.720283,1002,21.18,135.5031165
Yemen,2008,3501.92079,779,21.70,131.1185301
Yemen,2009,3693.724727,742,22.23,119.1570238
Yemen,2010,3804.383685,1086,23.59,143.3912612
Yemen,2011,3900.811898,881,23.30,113.9994167
Yemen,2012,4046.17079,980,23.85,122.3134681
Yemen,2013,4128.066409,931,24.41,122.1945339
Yemen,2014,4114.117298,764,26.18,112.1945339
Algeria,1990,5843.659645,1833,25.91,478.7998779
Algeria,1991,6219.276652,4082,26.89,786.4001955
Algeria,1992,5907.130893,3625,27.54,937.329951
Algeria,1993,6396.314476,1724,28.16,725.1322133
Algeria,1994,5774.64299,1147,28.75,470.89417
Algeria,1995,6161.284702,2442,29.32,489.0151425
Algeria,1996,6428.653752,5194,29.85,538.3818165
Algeria,1997,6402.522882,1111,30.35,412.0530272
Algeria,1998,6702.07245,3304,30.82,523.6534712
Algeria,1999,6828.270325,2274,31.28,460.5446566
Algeria,2000,6965.666486,1236,31.72,466.5157337
Algeria,2001,7182.053282,2905,32.15,510.6374897
Algeria,2002,7357.336107,2290,32.57,671.9340046
Algeria,2003,7656.375865,4748,33.00,694.247422
Algeria,2004,7792.435806,4482,33.46,694.0964356
Algeria,2005,8027.530658,4071,33.96,691.3537775
Algeria,2006,8236.141636,4567,34.51,692.6498977
Algeria,2007,8197.545927,3911,35.10,676.6619716
Algeria,2008,8472.792559,2080,35.73,690.8711027
Algeria,2009,8743.993894,6732,36.38,905.1486812
Algeria,2010,8915.441734,5575,37.06,1052.613563
Algeria,2011,9084.02379,5213,36.72,1183.857799
Algeria,2012,9274.525777,6069,38.48,1361.336366
Algeria,2013,9451.242113,6158,39.21,1632.497282
Algeria,2014,9554.325968,4502,38.93,1632.497282
Egypt,1990,14535.71418,12462,56.34,1062.645451
Egypt,1991,15145.02894,13268,57.39,1437.044166
Egypt,1992,15176.36875,13827,58.37,1540.327876
Egypt,1993,15387.95878,14105,60.11,1755.884724
Egypt,1994,15860.02209,13960,60.23,1780.630103
Egypt,1995,16441.62595,15283,61.17,2119.924433
Egypt,1996,16842.24871,15701,63.60,2067.16882
Egypt,1997,17292.2336,16852,63.09,2133.18482
Egypt,1998,17657.63544,17107,64.08,1928.804496
Egypt,1999,17981.53753,18083,65.10,2134.174514
Egypt,2000,18399.65366,18719,66.14,2013.186907
Egypt,2001,19099.42241,18226,69.60,1695.454615
Egypt,2002,19504.18468,18674,68.30,1606.178428
Egypt,2003,19973.9189,19326,69.43,1571.184038
Egypt,2004,20438.66891,19521,73.60,1800.63351
Egypt,2005,21047.5967,21951,71.78,1858.839427
Egypt,2006,21472.34619,21559,72.99,2020.390909
Egypt,2007,22048.89878,20868,74.23,2061.638433
Egypt,2008,22540.54629,22347,75.49,2359.145983
Egypt,2009,23006.086,21851,80.44,1981.970928
Egypt,2010,23352.54328,19184,78.08,1962.747307
Egypt,2011,23731.1893,21156,79.39,2201.335967
Egypt,2012,24361.78998,21925,85.66,2111.335967
Egypt,2013,24737.82501,20646,87.61,2126.335967
Egypt,2014,25485.85022,20949,89.58,2136.335967
Morocco,1990,6371.880171,6510,24.68,1214.081987
Morocco,1991,5552.584823,8939,25.13,1462.583484
Morocco,1992,5673.880656,3188,25.57,1150.72117
Morocco,1993,5771.464831,3036,26.31,1035.201447
Morocco,1994,5903.233357,9885,26.42,1297.642754
Morocco,1995,5923.792543,2034,26.83,830.27912
Morocco,1996,6149.681966,10402,27.56,1255.27222
Morocco,1997,6271.762068,4393,27.63,1008.339094
Morocco,1998,6401.954195,6918,28.01,1206.000821
Morocco,1999,6494.490501,4144,28.37,907.2344712
Morocco,2000,6590.080828,2278,28.71,656.2352487
Morocco,2001,6744.317737,4889,29.25,957.7933888
Morocco,2002,6959.766508,5624,29.31,1012.262651
Morocco,2003,7096.442726,8325,29.59,1213.090476
Morocco,2004,7297.838573,8984,30.09,1215.550458
Morocco,2005,7477.740497,4741,30.13,1015.518514
Morocco,2006,7620.373127,9630,30.40,1318.248246
Morocco,2007,7811.0927,2862,30.67,864.4243883
Morocco,2008,7997.050376,5705,30.96,1166.770568
Morocco,2009,8207.13375,10745,31.71,1359.47264
Morocco,2010,8482.979567,8139,31.64,1468.46614
Morocco,2011,8680.828452,9045,32.06,1971.825937
Morocco,2012,8674.693691,5733,32.98,1471.825937
Morocco,2013,8911.94895,10422,33.45,1770.325937
Morocco,2014,9242.306136,7505,33.92,1570.325937
Tunisia,1990,1724.916115,1691,8.23,322.0049226
Tunisia,1991,1777.153996,2609,8.32,372.7600404
Tunisia,1992,1798.151529,2252,8.50,391.9155305
Tunisia,1993,1844.901147,1967,8.67,392.4333501
Tunisia,1994,1860.827769,711,8.83,277.5500221
Tunisia,1995,1959.021145,679,9.11,288.891169
Tunisia,1996,2001.407934,2936,9.12,383.468194
Tunisia,1997,1962.525011,1127,9.24,313.9933497
Tunisia,1998,2025.404029,1740,9.50,374.8796862
Tunisia,1999,2038.480745,1896,9.45,374.4726881
Tunisia,2000,2061.799507,1158,9.55,313.2024605
Tunisia,2001,2096.914066,1435,9.65,369.1785444
Tunisia,2002,2121.33816,590,9.75,348.778361
Tunisia,2003,2145.039068,2980,9.94,498.6052711
Tunisia,2004,2205.249078,2439,9.95,490.34563
Tunisia,2005,2224.024858,2206,10.05,588.4599182
Tunisia,2006,2283.809674,1732,10.20,569.9179295
Tunisia,2007,2350.758216,2100,10.27,791.0812268
Tunisia,2008,2395.723194,1301,10.39,669.4676636
Tunisia,2009,2434.658096,2627,10.51,819.8730111
Tunisia,2010,2454.655083,1172,10.63,769.9349959
Tunisia,2011,2475.403782,2402,10.76,720.0092942
Tunisia,2012,2498.643673,2690,10.88,720.0092942
Tunisia,2013,2532.620648,1390,11.01,670.0092942
Tunisia,2014,2563.620648,2415,11.13,670.0092942
Angola,1990,1038.861999,837,11.13,61.31946872
Angola,1991,1220.948008,972,10.65,71.60104001
Angola,1992,1297.648682,1087,11.00,67.56657854
Angola,1993,1267.762481,1001,12.25,77.00100697
Angola,1994,1485.129255,1133,11.74,103.4065346
Angola,1995,1612.650383,1226,12.11,61.44718558
Angola,1996,1653.849605,1396,12.45,86.60475977
Angola,1997,1636.461755,1275,12.79,66.84483235
Angola,1998,1863.624248,1659,14.19,176.003262
Angola,1999,1912.550679,1588,13.51,130.193973
Angola,2000,2044.533922,2086,13.93,230.322862
Angola,2001,2217.149821,2665,15.56,282.8683163
Angola,2002,2445.18223,3207,14.89,345.9984422
Angola,2003,2537.582062,3387,15.42,399.1618723
Angola,2004,2650.381769,3966,15.98,430.5562227
Angola,2005,2784.302734,4312,16.54,457.2662494
Angola,2006,2902.539834,4230,18.54,441.9194703
Angola,2007,3087.472502,4585,17.71,642.0376822
Angola,2008,3065.8091,4589,18.31,627.7276311
Angola,2009,3251.307646,5962,20.52,1205.500998
Angola,2010,3406.279166,6440,19.55,1546.623788
Angola,2011,3504.486812,6869,20.18,1606.568261
Angola,2012,3532.778314,4549,20.82,684.209172
Angola,2013,3846.706779,7239,21.47,1360.313192
Angola,2014,1183.707933,5274,24.23,1435.313192
Lesotho,1990,312.2715594,253,1.60,51.15234655
Lesotho,1991,317.8026045,77,1.63,30.23362273
Lesotho,1992,328.3333454,104,1.66,29.37037171
Lesotho,1993,340.9338944,165,1.69,35.48154382
Lesotho,1994,352.6332828,237,1.73,42.69258698
Lesotho,1995,356.2630217,96,1.75,27.69598822
Lesotho,1996,365.2586067,272,1.78,29.97310548
Lesotho,1997,317.216853,221,1.80,39.81298366
Lesotho,1998,345.9577763,215,1.82,35.89530847
Lesotho,1999,337.7633521,175,1.84,38.01903912
Lesotho,2000,374.8246518,228,1.86,10.05340575
Lesotho,2001,351.3946706,184,1.87,9.776074516
Lesotho,2002,412.7919879,268,1.89,4.805776435
Lesotho,2003,391.6107733,199,1.90,5.655665822
Lesotho,2004,358.2716499,128,1.91,5.093072208
Lesotho,2005,357.0629959,123,1.93,7.746627008
Lesotho,2006,305.5079431,124,1.94,5.884452309
Lesotho,2007,299.6294227,90,1.96,5.847269186
Lesotho,2008,296.2559195,93,1.97,6.95721328
Lesotho,2009,312.4794984,92,1.99,7.171944268
Lesotho,2010,317.7674937,194,2.01,28.37916596
Lesotho,2011,322.4253468,127,2.03,28.62937187
Lesotho,2012,323.1729137,83,2.06,20.62937187
Lesotho,2013,328.1461365,147,2.08,24.62937187
Lesotho,2014,330.6507874,140,2.11,24.62937187
Madagascar,1990,2248.618695,2620,11.55,313.4822047
Madagascar,1991,2193.187028,2561,11.90,303.7215443
Madagascar,1992,2257.829228,2613,12.26,309.5049929
Madagascar,1993,2320.070059,2756,12.64,323.7550169
Madagascar,1994,2390.181405,2627,13.04,266.7851299
Madagascar,1995,2397.376281,2694,13.45,268.3925755
Madagascar,1996,2423.767379,2716,13.88,254.7450227
Madagascar,1997,2506.889599,2767,14.33,255.1770816
Madagascar,1998,2348.510616,2665,14.79,352.548357
Madagascar,1999,2540.897815,2786,15.26,364.7542555
Madagascar,2000,2648.202154,2720,15.75,338.0329038
Madagascar,2001,2697.492459,2866,16.24,341.2271669
Madagascar,2002,2688.611816,2765,16.74,309.8713723
Madagascar,2003,2843.35201,2946,17.25,304.4828405
Madagascar,2004,2844.733497,3136,17.76,396.2876986
Madagascar,2005,3088.108779,3747,18.29,694.3723108
Madagascar,2006,3158.154785,3802,18.83,726.0924134
Madagascar,2007,3251.916401,3919,19.37,790.2938167
Madagascar,2008,3409.389291,4173,19.93,697.0124799
Madagascar,2009,3457.922856,4530,20.50,1062.911789
Madagascar,2010,3546.474545,4708,21.08,1089.251794
Madagascar,2011,3655.958924,4592,21.68,1048.240071
Madagascar,2012,3757.612325,4806,22.29,1005.58723
Madagascar,2013,3876.136569,3996,22.93,511.9038631
Madagascar,2014,3999.735525,4224,23.57,496.1038631
Malawi,1990,1442.068803,1505,9.45,185.9389946
Malawi,1991,1522.737953,1773,9.60,211.9251014
Malawi,1992,1549.186647,786,9.76,58.47978703
Malawi,1993,1723.305307,2241,9.80,240.4562973
Malawi,1994,1686.159329,1225,9.73,171.1078148
Malawi,1995,1816.579519,1913,9.96,179.9954167
Malawi,1996,1923.03058,2183,10.15,249.5580298
Malawi,1997,1715.604362,1690,10.40,158.341691
Malawi,1998,2184.492768,2397,10.70,288.7229818
Malawi,1999,2237.349213,3197,10.88,376.5870543
Malawi,2000,2194.627789,3645,11.32,470.2536637
Malawi,2001,2411.4361,3173,11.62,673.5223652
Malawi,2002,2259.01831,2311,11.79,341.3875477
Malawi,2003,2285.082728,2894,12.24,485.2654263
Malawi,2004,2119.02706,2725,12.57,415.8270291
Malawi,2005,2281.30161,2081,12.93,220.265044
Malawi,2006,2522.688828,3833,13.31,520.8801563
Malawi,2007,2709.823902,4920,13.50,1069.058739
Malawi,2008,2754.921885,4344,14.14,1103.295305
Malawi,2009,3052.733058,5407,14.57,1178.315929
Malawi,2010,3138.033083,5251,14.77,1224.958945
Malawi,2011,3220.097313,5791,15.46,1181.922095
Malawi,2012,3618.031064,5722,15.70,1156.922095
Malawi,2013,3791.215616,5881,16.19,1156.922095
Malawi,2014,3943.139117,6283,16.70,1157.922095
Mozambique,1990,2438.771698,2427,13.57,318.2619414
Mozambique,1991,2196.947539,1939,13.72,153.9011298
Mozambique,1992,2309.739507,1473,14.35,80.45315152
Mozambique,1993,2343.694331,2089,14.89,177.4609117
Mozambique,1994,2392.79165,2042,15.45,66.19798816
Mozambique,1995,2646.483058,2684,15.98,304.5487598
Mozambique,1996,2867.101189,3129,16.41,339.1823731
Mozambique,1997,3119.157895,3486,16.92,455.9470932
Mozambique,1998,3275.036385,3752,17.35,523.8517006
Mozambique,1999,3577.894785,4059,17.80,593.1705656
Mozambique,2000,3489.553571,3651,18.28,507.2291836
Mozambique,2001,3590.145106,3980,18.79,643.1167239
Mozambique,2002,3601.192463,4018,19.32,588.8651646
Mozambique,2003,3925.855082,4316,19.87,650.8466601
Mozambique,2004,4003.258713,4619,20.52,844.664899
Mozambique,2005,3970.97276,3785,21.01,339.0491518
Mozambique,2006,4125.43526,4282,21.59,561.5370367
Mozambique,2007,4079.872275,4214,22.17,516.3097797
Mozambique,2008,4364.920252,4074,22.76,94.41194752
Mozambique,2009,4562.771959,4926,23.65,540.3271719
Mozambique,2010,4702.006573,6540,23.97,1759.181425
Mozambique,2011,4970.273444,6777,24.58,1846.370789
Mozambique,2012,5280.16925,4521,25.73,1561.384403
Mozambique,2013,5428.017615,4191,25.83,1433.002497
Mozambique,2014,4011.749616,4755,27.22,1327.502497
Namibia,1990,202.0899245,162,1.42,18.59748113
Namibia,1991,201.0461087,174,1.47,17.88652719
Namibia,1992,230.1466692,90,1.51,16.78666731
Namibia,1993,233.8803963,136,1.56,23.12009908
Namibia,1994,243.7968845,180,1.61,23.74922112
Namibia,1995,245.4613789,129,1.65,21.39034473
Namibia,1996,263.9033343,160,1.71,20.02583357
Namibia,1997,302.7921199,257,1.76,36.68436229
Namibia,1998,289.8636972,143,1.81,20.60153015
Namibia,1999,306.7953562,148,1.86,26.2425688
Namibia,2000,321.6739767,197,1.90,27.21860132
Namibia,2001,322.4120571,188,1.93,27.73190708
Namibia,2002,335.8357383,187,1.96,38.25505926
Namibia,2003,345.3558441,188,1.98,45.15962524
Namibia,2004,365.867411,230,2.00,30.06437986
Namibia,2005,371.7416466,250,2.03,29.60730143
Namibia,2006,385.7399463,275,2.05,39.57701234
Namibia,2007,392.1531354,217,2.08,36.60479124
Namibia,2008,386.6532653,207,2.11,30.49880268
Namibia,2009,375.2867278,208,2.14,27.16453056
Namibia,2010,383.0399377,254,2.19,30.27754857
Namibia,2011,399.6099939,237,2.22,31.19589027
Namibia,2012,404.015297,270,2.29,31.19589027
Namibia,2013,415.5293416,189,2.35,28.19589027
Namibia,2014,317.9832736,123,2.40,31.19589027
Swaziland,1990,164.1473129,149,0.86,23.32957357
Swaziland,1991,187.7921614,153,0.89,18.24386033
Swaziland,1992,166.4918534,69,0.91,6.313309737
Swaziland,1993,160.2541154,86,0.93,9.330495526
Swaziland,1994,181.2310336,115,0.94,13.40843069
Swaziland,1995,135.9216079,90,0.96,9.378937312
Swaziland,1996,191.1607283,166,0.98,16.39216355
Swaziland,1997,165.6309571,152,1.01,3.674484631
Swaziland,1998,171.3611481,133,1.03,3.728261505
Swaziland,1999,173.062501,138,1.05,3.368179781
Swaziland,2000,175.4662713,127,1.06,7.450162452
Swaziland,2001,174.3039224,97,1.07,3.946922059
Swaziland,2002,178.9039825,83,1.08,3.052144298
Swaziland,2003,177.0892226,83,1.09,2.608282838
Swaziland,2004,181.9410852,84,1.10,3.112252719
Swaziland,2005,182.1423586,90,1.11,0.550941531
Swaziland,2006,183.2529657,82,1.12,3.765681577
Swaziland,2007,183.2353122,62,1.14,2.58801303
Swaziland,2008,177.4862505,79,1.15,2.934813317
Swaziland,2009,183.0667464,88,1.17,2.999775076
Swaziland,2010,171.4955954,93,1.19,10.05193307
Swaziland,2011,172.837789,103,1.21,12.10395392
Swaziland,2012,171.0948074,94,1.23,9.103953922
Swaziland,2013,171.8533851,101,1.25,9.103953922
Swaziland,2014,161.2054602,122,1.27,20.10395392
Zambia,1990,1564.54876,1456,7.85,207.4405708
Zambia,1991,1441.64945,1482,8.04,197.3001626
Zambia,1992,1402.782773,862,8.58,138.2107983
Zambia,1993,1555.22303,2039,8.42,273.3810716
Zambia,1994,1526.239746,1437,8.63,285.5942795
Zambia,1995,1509.653941,1139,8.84,177.2441071
Zambia,1996,1533.598875,1846,9.07,189.263193
Zambia,1997,1518.559896,1391,9.76,171.4638519
Zambia,1998,1372.329926,1107,9.58,98.00218329
Zambia,1999,1458.417597,1365,9.84,155.2927316
Zambia,2000,1375.850305,1515,10.59,184.5434293
Zambia,2001,1468.237616,1315,10.36,134.2855913
Zambia,2002,1347.980217,1110,10.63,109.6433321
Zambia,2003,1528.357003,1737,10.90,167.7001402
Zambia,2004,1556.435714,1753,11.18,170.98591
Zambia,2005,1552.56329,1464,12.04,140.4608124
Zambia,2006,1609.051291,2015,11.78,195.4091038
Zambia,2007,1651.979356,1940,12.11,191.8893364
Zambia,2008,1801.015063,2166,12.46,219.3972844
Zambia,2009,1868.698524,2671,12.83,230.9824967
Zambia,2010,1976.955544,3577,13.92,396.9716491
Zambia,2011,1963.90124,3808,13.63,544.818494
Zambia,2012,2010.467513,3651,14.08,448.8827653
Zambia,2013,2081.982195,3378,15.25,524.3429714
Zambia,2014,2068.712374,4043,15.72,568.3429714
Zimbabwe,1990,2005.73034,2627,10.46,307.8753554
Zimbabwe,1991,1776.635416,2108,10.76,228.4530243
Zimbabwe,1992,1719.927596,533,10.98,237.7346076
Zimbabwe,1993,1824.202696,2556,11.21,291.1029952
Zimbabwe,1994,1889.709148,2903,11.48,293.0232347
Zimbabwe,1995,1858.194281,1037,11.64,125.2242622
Zimbabwe,1996,1954.291988,3193,11.85,289.5331904
Zimbabwe,1997,1884.829629,2776,12.05,307.1216344
Zimbabwe,1998,1934.443355,1968,12.23,217.3525234
Zimbabwe,1999,1914.859078,2072,12.37,185.5864456
Zimbabwe,2000,1918.633742,2613,12.50,252.6764913
Zimbabwe,2001,1923.470759,2048,12.59,138.516666
Zimbabwe,2002,1924.87372,842,12.69,97.4775517
Zimbabwe,2003,1942.985294,1273,12.67,131.6326568
Zimbabwe,2004,2562.512029,2125,12.69,117.1383398
Zimbabwe,2005,1954.263657,1249,12.71,128.3118509
Zimbabwe,2006,2024.164639,2038,12.72,137.4320305
Zimbabwe,2007,2078.051998,1351,13.30,113.1468549
Zimbabwe,2008,1924.124541,932,12.78,138.5193373
Zimbabwe,2009,1749.340822,1678,12.89,179.5620851
Zimbabwe,2010,1726.278513,1721,13.97,182.4954945
Zimbabwe,2011,1785.150827,1764,13.36,176.3670999
Zimbabwe,2012,1843.224762,1254,13.72,148.5228244
Zimbabwe,2013,1916.682536,1088,14.15,108.824844
Zimbabwe,2014,2016.901581,1853,15.25,136.824844
